origin_id,destination_id,am_peak_min,late_night_min,off_peak_delay_min
06001402200,06001400100,66.0,87.0,21.0
06001402200,06001400200,32.0,43.0,11.0
06001402200,06001400300,34.0,39.0,5.0
06001402200,06001400400,40.0,50.0,10.0
06001402200,06001400500,36.0,45.0,9.0
06001402200,06001400600,31.0,40.0,9.0
06001402200,06001400700,37.0,45.0,8.0
06001402200,06001400800,38.0,43.0,5.0
06001402200,06001400900,37.0,42.0,5.0
06001402200,06001401000,28.0,38.0,10.0
06001402200,06001401100,24.0,37.0,13.0
06001402200,06001401200,33.0,37.0,4.0
06001402200,06001401300,31.0,32.0,1.0
06001402200,06001401400,30.0,34.0,4.0
06001402200,06001401500,34.0,36.0,2.0
06001402200,06001401600,34.0,35.0,1.0
06001402200,06001401700,84.0,88.0,4.0
06001402200,06001401800,9.0,9.0,0.0
06001402200,06001402200,0.0,0.0,0.0
06001402200,06001402400,29.0,30.0,1.0
06001402200,06001402500,18.0,18.0,0.0
06001402200,06001402600,20.0,20.0,0.0
06001402200,06001402700,27.0,27.0,0.0
06001402200,06001402801,19.0,26.0,7.0
06001402200,06001402802,19.0,25.0,6.0
06001402200,06001402900,17.0,27.0,10.0
06001402200,06001403000,19.0,21.0,2.0
06001402200,06001403100,19.0,21.0,2.0
06001402200,06001403301,21.0,23.0,2.0
06001402200,06001403302,27.0,29.0,2.0
06001402200,06001403401,36.0,44.0,8.0
06001402200,06001403402,22.0,24.0,2.0
06001402200,06001403501,32.0,34.0,2.0
06001402200,06001403502,37.0,36.0,-1.0
06001402200,06001403600,37.0,45.0,8.0
06001402200,06001403701,32.0,36.0,4.0
06001402200,06001403702,35.0,36.0,1.0
06001402200,06001403800,40.0,45.0,5.0
06001402200,06001403900,40.0,46.0,6.0
06001402200,06001404000,35.0,42.0,7.0
06001402200,06001404101,41.0,45.0,4.0
06001402200,06001404102,38.0,43.0,5.0
06001402200,06001404200,81.0,88.0,7.0
06001402200,06001404300,45.0,56.0,11.0
06001402200,06001404400,120.0,120.0,0.0
06001402200,06001404501,51.0,65.0,14.0
06001402200,06001404502,65.0,79.0,14.0
06001402200,06001404600,100.0,120.0,20.0
06001402200,06001404700,54.0,68.0,14.0
06001402200,06001404800,51.0,48.0,-3.0
06001402200,06001404900,40.0,48.0,8.0
06001402200,06001405000,42.0,52.0,10.0
06001402200,06001405100,48.0,56.0,8.0
06001402200,06001405200,36.0,40.0,4.0
06001402200,06001405301,30.0,33.0,3.0
06001402200,06001405302,26.0,31.0,5.0
06001402200,06001405401,31.0,36.0,5.0
06001402200,06001405402,31.0,38.0,7.0
06001402200,06001405500,33.0,42.0,9.0
06001402200,06001405600,34.0,44.0,10.0
06001402200,06001405700,43.0,43.0,0.0
06001402200,06001405800,45.0,49.0,4.0
06001402200,06001405901,36.0,42.0,6.0
06001402200,06001405902,35.0,43.0,8.0
06001402200,06001406000,40.0,59.0,19.0
06001402200,06001406100,27.0,31.0,4.0
06001402200,06001406201,35.0,43.0,8.0
06001402200,06001406202,38.0,36.0,-2.0
06001402200,06001406300,46.0,40.0,-6.0
06001402200,06001406400,53.0,45.0,-8.0
06001402200,06001406500,42.0,42.0,0.0
06001402200,06001406601,46.0,49.0,3.0
06001402200,06001406602,48.0,41.0,-7.0
06001402200,06001406700,55.0,62.0,7.0
06001402200,06001406800,46.0,49.0,3.0
06001402200,06001406900,58.0,61.0,3.0
06001402200,06001407000,48.0,51.0,3.0
06001402200,06001407101,40.0,47.0,7.0
06001402200,06001407102,49.0,53.0,4.0
06001402200,06001407200,33.0,35.0,2.0
06001402200,06001407300,49.0,53.0,4.0
06001402200,06001407400,38.0,43.0,5.0
06001402200,06001407500,45.0,51.0,6.0
06001402200,06001407600,51.0,56.0,5.0
06001402200,06001407700,53.0,59.0,6.0
06001402200,06001407800,51.0,56.0,5.0
06001402200,06001407900,63.0,65.0,2.0
06001402200,06001408000,80.0,86.0,6.0
06001402200,06001408100,70.0,74.0,4.0
06001402200,06001408200,56.0,53.0,-3.0
06001402200,06001408300,58.0,57.0,-1.0
06001402200,06001408400,59.0,45.0,-14.0
06001402200,06001408500,53.0,42.0,-11.0
06001402200,06001408600,54.0,41.0,-13.0
06001402200,06001408700,49.0,55.0,6.0
06001402200,06001408800,39.0,40.0,1.0
06001402200,06001408900,39.0,37.0,-2.0
06001402200,06001409000,67.0,63.0,-4.0
06001402200,06001409100,56.0,50.0,-6.0
06001402200,06001409200,60.0,64.0,4.0
06001402200,06001409300,54.0,56.0,2.0
06001402200,06001409400,58.0,56.0,-2.0
06001402200,06001409500,49.0,47.0,-2.0
06001402200,06001409600,52.0,54.0,2.0
06001402200,06001409700,60.0,57.0,-3.0
06001402200,06001409800,63.0,65.0,2.0
06001402200,06001409900,120.0,120.0,0.0
06001402200,06001410000,85.0,76.0,-9.0
06001402200,06001410100,65.0,60.0,-5.0
06001402200,06001410200,60.0,57.0,-3.0
06001402200,06001410300,55.0,49.0,-6.0
06001402200,06001410400,51.0,61.0,10.0
06001402200,06001410500,18.0,18.0,0.0
06001402200,06001420100,52.0,65.0,13.0
06001402200,06001420200,49.0,57.0,8.0
06001402200,06001420301,56.0,66.0,10.0
06001402200,06001420302,79.0,85.0,6.0
06001402200,06001420401,48.0,56.0,8.0
06001402200,06001420402,85.0,90.0,5.0
06001402200,06001420500,51.0,56.0,5.0
06001402200,06001420600,58.0,67.0,9.0
06001402200,06001421100,74.0,86.0,12.0
06001402200,06001421200,56.0,73.0,17.0
06001402200,06001421300,53.0,61.0,8.0
06001402200,06001421400,49.0,60.0,11.0
06001402200,06001421500,74.0,86.0,12.0
06001402200,06001421600,68.0,71.0,3.0
06001402200,06001421700,44.0,55.0,11.0
06001402200,06001421800,44.0,58.0,14.0
06001402200,06001421900,49.0,58.0,9.0
06001402200,06001422000,45.0,80.0,35.0
06001402200,06001422100,48.0,55.0,7.0
06001402200,06001422200,38.0,54.0,16.0
06001402200,06001422300,36.0,52.0,16.0
06001402200,06001422400,35.0,50.0,15.0
06001402200,06001422500,47.0,55.0,8.0
06001402200,06001422700,41.0,57.0,16.0
06001402200,06001422800,35.0,51.0,16.0
06001402200,06001422901,32.0,46.0,14.0
06001402200,06001422902,30.0,45.0,15.0
06001402200,06001423000,42.0,54.0,12.0
06001402200,06001423100,45.0,53.0,8.0
06001402200,06001423200,45.0,51.0,6.0
06001402200,06001423300,46.0,49.0,3.0
06001402200,06001423400,42.0,53.0,11.0
06001402200,06001423500,35.0,48.0,13.0
06001402200,06001423601,42.0,55.0,13.0
06001402200,06001423602,41.0,56.0,15.0
06001402200,06001423700,40.0,58.0,18.0
06001402200,06001423800,40.0,61.0,21.0
06001402200,06001423901,29.0,44.0,15.0
06001402200,06001423902,42.0,53.0,11.0
06001402200,06001424001,33.0,47.0,14.0
06001402200,06001424002,42.0,48.0,6.0
06001402200,06001425101,61.0,61.0,0.0
06001402200,06001425102,44.0,41.0,-3.0
06001402200,06001425103,44.0,44.0,0.0
06001402200,06001425104,37.0,37.0,0.0
06001402200,06001426100,66.0,61.0,-5.0
06001402200,06001426200,56.0,45.0,-11.0
06001402200,06001427100,41.0,52.0,11.0
06001402200,06001427200,52.0,60.0,8.0
06001402200,06001427300,46.0,51.0,5.0
06001402200,06001427600,41.0,45.0,4.0
06001402200,06001427700,56.0,58.0,2.0
06001402200,06001427800,41.0,42.0,1.0
06001402200,06001427900,44.0,47.0,3.0
06001402200,06001428000,39.0,49.0,10.0
06001402200,06001428100,43.0,56.0,13.0
06001402200,06001428200,57.0,58.0,1.0
06001402200,06001428301,74.0,120.0,46.0
06001402200,06001428302,63.0,120.0,57.0
06001402200,06001428400,60.0,57.0,-3.0
06001402200,06001428500,48.0,50.0,2.0
06001402200,06001428600,46.0,56.0,10.0
06001402200,06001428700,49.0,65.0,16.0
06001402200,06001430101,120.0,120.0,0.0
06001402200,06001430102,120.0,120.0,0.0
06001402200,06001430200,120.0,120.0,0.0
06001402200,06001430300,85.0,80.0,-5.0
06001402200,06001430400,120.0,120.0,0.0
06001402200,06001430500,70.0,76.0,6.0
06001402200,06001430600,65.0,84.0,19.0
06001402200,06001430700,77.0,66.0,-11.0
06001402200,06001430800,58.0,57.0,-1.0
06001402200,06001430900,68.0,64.0,-4.0
06001402200,06001431000,52.0,48.0,-4.0
06001402200,06001431100,60.0,62.0,2.0
06001402200,06001431200,67.0,52.0,-15.0
06001402200,06001432100,64.0,55.0,-9.0
06001402200,06001432200,49.0,56.0,7.0
06001402200,06001432300,48.0,50.0,2.0
06001402200,06001432400,69.0,76.0,7.0
06001402200,06001432501,52.0,54.0,2.0
06001402200,06001432502,53.0,55.0,2.0
06001402200,06001432601,34.0,36.0,2.0
06001402200,06001432602,46.0,43.0,-3.0
06001402200,06001432700,57.0,48.0,-9.0
06001402200,06001432800,86.0,77.0,-9.0
06001402200,06001433000,56.0,50.0,-6.0
06001402200,06001433102,46.0,51.0,5.0
06001402200,06001433103,55.0,49.0,-6.0
06001402200,06001433104,50.0,49.0,-1.0
06001402200,06001433200,47.0,57.0,10.0
06001402200,06001433300,63.0,73.0,10.0
06001402200,06001433400,101.0,102.0,1.0
06001402200,06001433500,75.0,60.0,-15.0
06001402200,06001433600,72.0,53.0,-19.0
06001402200,06001433700,61.0,68.0,7.0
06001402200,06001433801,52.0,51.0,-1.0
06001402200,06001433802,41.0,43.0,2.0
06001402200,06001433900,53.0,60.0,7.0
06001402200,06001434000,46.0,53.0,7.0
06001402200,06001435102,106.0,120.0,14.0
06001402200,06001435103,120.0,120.0,0.0
06001402200,06001435104,120.0,120.0,0.0
06001402200,06001435200,69.0,77.0,8.0
06001402200,06001435300,54.0,62.0,8.0
06001402200,06001435400,47.0,60.0,13.0
06001402200,06001435500,53.0,59.0,6.0
06001402200,06001435601,60.0,76.0,16.0
06001402200,06001435602,63.0,68.0,5.0
06001402200,06001435700,66.0,63.0,-3.0
06001402200,06001435800,64.0,52.0,-12.0
06001402200,06001435900,73.0,75.0,2.0
06001402200,06001436000,71.0,72.0,1.0
06001402200,06001436100,64.0,51.0,-13.0
06001402200,06001436200,66.0,64.0,-2.0
06001402200,06001436301,50.0,63.0,13.0
06001402200,06001436302,42.0,61.0,19.0
06001402200,06001436402,120.0,120.0,0.0
06001402200,06001436403,58.0,78.0,20.0
06001402200,06001436404,74.0,90.0,16.0
06001402200,06001436500,56.0,73.0,17.0
06001402200,06001436601,56.0,75.0,19.0
06001402200,06001436602,65.0,87.0,22.0
06001402200,06001436700,53.0,75.0,22.0
06001402200,06001436800,55.0,74.0,19.0
06001402200,06001436900,68.0,59.0,-9.0
06001402200,06001437000,69.0,67.0,-2.0
06001402200,06001437101,98.0,120.0,22.0
06001402200,06001437102,68.0,66.0,-2.0
06001402200,06001437200,74.0,72.0,-2.0
06001402200,06001437300,71.0,69.0,-2.0
06001402200,06001437400,68.0,109.0,41.0
06001402200,06001437500,56.0,104.0,48.0
06001402200,06001437600,64.0,86.0,22.0
06001402200,06001437701,70.0,80.0,10.0
06001402200,06001437702,59.0,91.0,32.0
06001402200,06001437800,64.0,80.0,16.0
06001402200,06001437900,55.0,72.0,17.0
06001402200,06001438000,75.0,92.0,17.0
06001402200,06001438100,71.0,88.0,17.0
06001402200,06001438201,83.0,86.0,3.0
06001402200,06001438203,78.0,120.0,42.0
06001402200,06001438204,70.0,85.0,15.0
06001402200,06001438300,75.0,73.0,-2.0
06001402200,06001438400,80.0,76.0,-4.0
06001402200,06001440100,120.0,120.0,0.0
06001402200,06001440200,67.0,82.0,15.0
06001402200,06001440301,73.0,86.0,13.0
06001402200,06001440304,82.0,82.0,0.0
06001402200,06001440305,97.0,99.0,2.0
06001402200,06001440306,80.0,85.0,5.0
06001402200,06001440307,66.0,79.0,13.0
06001402200,06001440308,55.0,69.0,14.0
06001402200,06001440331,78.0,75.0,-3.0
06001402200,06001440332,95.0,94.0,-1.0
06001402200,06001440333,82.0,78.0,-4.0
06001402200,06001440334,76.0,83.0,7.0
06001402200,06001440336,67.0,80.0,13.0
06001402200,06001440337,71.0,88.0,17.0
06001402200,06001440338,66.0,79.0,13.0
06001402200,06001441100,120.0,120.0,0.0
06001402200,06001441200,96.0,120.0,24.0
06001402200,06001441301,116.0,120.0,4.0
06001402200,06001441302,83.0,97.0,14.0
06001402200,06001441401,72.0,95.0,23.0
06001402200,06001441402,80.0,110.0,30.0
06001402200,06001441501,103.0,120.0,17.0
06001402200,06001441503,120.0,120.0,0.0
06001402200,06001441521,90.0,120.0,30.0
06001402200,06001441522,90.0,95.0,5.0
06001402200,06001441523,85.0,120.0,35.0
06001402200,06001441524,95.0,120.0,25.0
06001402200,06001441525,120.0,120.0,0.0
06001402200,06001441601,77.0,96.0,19.0
06001402200,06001441602,90.0,107.0,17.0
06001402200,06001441701,96.0,113.0,17.0
06001402200,06001441702,71.0,93.0,22.0
06001402200,06001441800,78.0,88.0,10.0
06001402200,06001441921,74.0,110.0,36.0
06001402200,06001441923,70.0,77.0,7.0
06001402200,06001441924,82.0,95.0,13.0
06001402200,06001441926,77.0,99.0,22.0
06001402200,06001441927,73.0,93.0,20.0
06001402200,06001441928,81.0,94.0,13.0
06001402200,06001441929,71.0,84.0,13.0
06001402200,06001442000,113.0,120.0,7.0
06001402200,06001442100,102.0,120.0,18.0
06001402200,06001442200,105.0,120.0,15.0
06001402200,06001442301,87.0,111.0,24.0
06001402200,06001442302,82.0,110.0,28.0
06001402200,06001442400,85.0,109.0,24.0
06001402200,06001442501,91.0,101.0,10.0
06001402200,06001442502,81.0,83.0,2.0
06001402200,06001442601,82.0,83.0,1.0
06001402200,06001442602,85.0,96.0,11.0
06001402200,06001442700,95.0,92.0,-3.0
06001402200,06001442800,98.0,96.0,-2.0
06001402200,06001442900,91.0,112.0,21.0
06001402200,06001443001,97.0,115.0,18.0
06001402200,06001443002,92.0,107.0,15.0
06001402200,06001443102,81.0,93.0,12.0
06001402200,06001443103,120.0,120.0,0.0
06001402200,06001443104,100.0,120.0,20.0
06001402200,06001443105,120.0,120.0,0.0
06001402200,06001443200,120.0,120.0,0.0
06001402200,06001443301,89.0,120.0,31.0
06001402200,06001443321,84.0,120.0,36.0
06001402200,06001443322,86.0,120.0,34.0
06001402200,06001444100,88.0,117.0,29.0
06001402200,06001444200,81.0,109.0,28.0
06001402200,06001444301,103.0,120.0,17.0
06001402200,06001444303,120.0,120.0,0.0
06001402200,06001444304,113.0,117.0,4.0
06001402200,06001444400,82.0,109.0,27.0
06001402200,06001444500,83.0,109.0,26.0
06001402200,06001444601,104.0,100.0,-4.0
06001402200,06001444602,120.0,120.0,0.0
06001402200,06001450101,85.0,79.0,-6.0
06001402200,06001450102,120.0,120.0,0.0
06001402200,06001450200,120.0,120.0,0.0
06001402200,06001450300,120.0,120.0,0.0
06001402200,06001450400,82.0,77.0,-5.0
06001402200,06001450501,120.0,120.0,0.0
06001402200,06001450502,120.0,120.0,0.0
06001402200,06001450601,120.0,120.0,0.0
06001402200,06001450603,120.0,120.0,0.0
06001402200,06001450604,120.0,120.0,0.0
06001402200,06001450605,120.0,120.0,0.0
06001402200,06001450606,120.0,120.0,0.0
06001402200,06001450607,120.0,120.0,0.0
06001402200,06001450608,120.0,120.0,0.0
06001402200,06001450609,78.0,73.0,-5.0
06001402200,06001450701,120.0,120.0,0.0
06001402200,06001450741,120.0,120.0,0.0
06001402200,06001450742,120.0,120.0,0.0
06001402200,06001450743,80.0,77.0,-3.0
06001402200,06001450744,120.0,120.0,0.0
06001402200,06001450745,120.0,120.0,0.0
06001402200,06001450746,120.0,120.0,0.0
06001402200,06001450750,120.0,120.0,0.0
06001402200,06001450751,120.0,120.0,0.0
06001402200,06001450752,120.0,120.0,0.0
06001402200,06001451102,120.0,120.0,0.0
06001402200,06001451103,120.0,120.0,0.0
06001402200,06001451104,120.0,120.0,0.0
06001402200,06001451201,120.0,120.0,0.0
06001402200,06001451202,120.0,120.0,0.0
06001402200,06001451300,120.0,120.0,0.0
06001402200,06001451401,120.0,120.0,0.0
06001402200,06001451403,120.0,120.0,0.0
06001402200,06001451404,120.0,120.0,0.0
06001402200,06001451501,120.0,120.0,0.0
06001402200,06001451503,120.0,120.0,0.0
06001402200,06001451504,120.0,120.0,0.0
06001402200,06001451505,120.0,120.0,0.0
06001402200,06001451506,120.0,120.0,0.0
06001402200,06001451601,120.0,120.0,0.0
06001402200,06001451602,120.0,120.0,0.0
06001402200,06001451701,120.0,120.0,0.0
06001402200,06001451703,120.0,120.0,0.0
06001402200,06001451704,120.0,120.0,0.0
06001402200,06001981900,53.0,53.0,0.0
06001402200,06001982000,31.0,31.0,0.0
06001402200,06001982100,46.0,52.0,6.0
06001402200,06001983200,28.0,31.0,3.0
06001402200,06001990000,120.0,120.0,0.0
06001428301,06001400100,120.0,120.0,0.0
06001428301,06001400200,87.0,120.0,33.0
06001428301,06001400300,87.0,120.0,33.0
06001428301,06001400400,94.0,120.0,26.0
06001428301,06001400500,85.0,114.0,29.0
06001428301,06001400600,80.0,118.0,38.0
06001428301,06001400700,83.0,115.0,32.0
06001428301,06001400800,92.0,115.0,23.0
06001428301,06001400900,92.0,115.0,23.0
06001428301,06001401000,75.0,102.0,27.0
06001428301,06001401100,72.0,101.0,29.0
06001428301,06001401200,78.0,109.0,31.0
06001428301,06001401300,77.0,104.0,27.0
06001428301,06001401400,77.0,106.0,29.0
06001428301,06001401500,88.0,110.0,22.0
06001428301,06001401600,85.0,107.0,22.0
06001428301,06001401700,114.0,120.0,6.0
06001428301,06001401800,71.0,109.0,38.0
06001428301,06001402200,63.0,103.0,40.0
06001428301,06001402400,80.0,104.0,24.0
06001428301,06001402500,78.0,101.0,23.0
06001428301,06001402600,73.0,100.0,27.0
06001428301,06001402700,74.0,102.0,28.0
06001428301,06001402801,66.0,94.0,28.0
06001428301,06001402802,67.0,95.0,28.0
06001428301,06001402900,65.0,94.0,29.0
06001428301,06001403000,61.0,95.0,34.0
06001428301,06001403100,65.0,95.0,30.0
06001428301,06001403301,58.0,90.0,32.0
06001428301,06001403302,64.0,96.0,32.0
06001428301,06001403401,83.0,109.0,26.0
06001428301,06001403402,65.0,98.0,33.0
06001428301,06001403501,75.0,102.0,27.0
06001428301,06001403502,72.0,99.0,27.0
06001428301,06001403600,83.0,110.0,27.0
06001428301,06001403701,75.0,102.0,27.0
06001428301,06001403702,84.0,104.0,20.0
06001428301,06001403800,93.0,112.0,19.0
06001428301,06001403900,83.0,110.0,27.0
06001428301,06001404000,80.0,111.0,31.0
06001428301,06001404101,86.0,109.0,23.0
06001428301,06001404102,83.0,108.0,25.0
06001428301,06001404200,120.0,120.0,0.0
06001428301,06001404300,100.0,120.0,20.0
06001428301,06001404400,120.0,120.0,0.0
06001428301,06001404501,103.0,120.0,17.0
06001428301,06001404502,117.0,120.0,3.0
06001428301,06001404600,101.0,120.0,19.0
06001428301,06001404700,88.0,120.0,32.0
06001428301,06001404800,79.0,103.0,24.0
06001428301,06001404900,79.0,96.0,17.0
06001428301,06001405000,90.0,107.0,17.0
06001428301,06001405100,96.0,113.0,17.0
06001428301,06001405200,86.0,105.0,19.0
06001428301,06001405301,79.0,102.0,23.0
06001428301,06001405302,72.0,97.0,25.0
06001428301,06001405401,77.0,96.0,19.0
06001428301,06001405402,74.0,94.0,20.0
06001428301,06001405500,78.0,93.0,15.0
06001428301,06001405600,77.0,93.0,16.0
06001428301,06001405700,72.0,88.0,16.0
06001428301,06001405800,74.0,92.0,18.0
06001428301,06001405901,68.0,86.0,18.0
06001428301,06001405902,76.0,95.0,19.0
06001428301,06001406000,76.0,118.0,42.0
06001428301,06001406100,41.0,83.0,42.0
06001428301,06001406201,65.0,84.0,19.0
06001428301,06001406202,57.0,84.0,27.0
06001428301,06001406300,66.0,90.0,24.0
06001428301,06001406400,73.0,94.0,21.0
06001428301,06001406500,63.0,93.0,30.0
06001428301,06001406601,66.0,101.0,35.0
06001428301,06001406602,69.0,93.0,24.0
06001428301,06001406700,80.0,106.0,26.0
06001428301,06001406800,66.0,106.0,40.0
06001428301,06001406900,79.0,110.0,31.0
06001428301,06001407000,68.0,102.0,34.0
06001428301,06001407101,60.0,97.0,37.0
06001428301,06001407102,70.0,98.0,28.0
06001428301,06001407200,57.0,91.0,34.0
06001428301,06001407300,65.0,93.0,28.0
06001428301,06001407400,69.0,95.0,26.0
06001428301,06001407500,71.0,98.0,27.0
06001428301,06001407600,77.0,102.0,25.0
06001428301,06001407700,78.0,103.0,25.0
06001428301,06001407800,73.0,100.0,27.0
06001428301,06001407900,84.0,112.0,28.0
06001428301,06001408000,91.0,120.0,29.0
06001428301,06001408100,90.0,120.0,30.0
06001428301,06001408200,83.0,110.0,27.0
06001428301,06001408300,89.0,115.0,26.0
06001428301,06001408400,80.0,105.0,25.0
06001428301,06001408500,76.0,102.0,26.0
06001428301,06001408600,75.0,101.0,26.0
06001428301,06001408700,74.0,102.0,28.0
06001428301,06001408800,65.0,99.0,34.0
06001428301,06001408900,65.0,97.0,32.0
06001428301,06001409000,87.0,95.0,8.0
06001428301,06001409100,78.0,120.0,42.0
06001428301,06001409200,81.0,120.0,39.0
06001428301,06001409300,85.0,119.0,34.0
06001428301,06001409400,84.0,119.0,35.0
06001428301,06001409500,70.0,111.0,41.0
06001428301,06001409600,79.0,113.0,34.0
06001428301,06001409700,81.0,111.0,30.0
06001428301,06001409800,93.0,118.0,25.0
06001428301,06001409900,120.0,120.0,0.0
06001428301,06001410000,104.0,120.0,16.0
06001428301,06001410100,88.0,115.0,27.0
06001428301,06001410200,84.0,110.0,26.0
06001428301,06001410300,79.0,117.0,38.0
06001428301,06001410400,85.0,120.0,35.0
06001428301,06001410500,75.0,108.0,33.0
06001428301,06001420100,99.0,120.0,21.0
06001428301,06001420200,95.0,120.0,25.0
06001428301,06001420301,101.0,120.0,19.0
06001428301,06001420302,120.0,120.0,0.0
06001428301,06001420401,93.0,120.0,27.0
06001428301,06001420402,120.0,120.0,0.0
06001428301,06001420500,98.0,120.0,22.0
06001428301,06001420600,99.0,120.0,21.0
06001428301,06001421100,112.0,120.0,8.0
06001428301,06001421200,102.0,120.0,18.0
06001428301,06001421300,89.0,120.0,31.0
06001428301,06001421400,87.0,120.0,33.0
06001428301,06001421500,111.0,120.0,9.0
06001428301,06001421600,104.0,120.0,16.0
06001428301,06001421700,80.0,120.0,40.0
06001428301,06001421800,91.0,120.0,29.0
06001428301,06001421900,95.0,120.0,25.0
06001428301,06001422000,95.0,120.0,25.0
06001428301,06001422100,96.0,120.0,24.0
06001428301,06001422200,85.0,114.0,29.0
06001428301,06001422300,83.0,112.0,29.0
06001428301,06001422400,81.0,110.0,29.0
06001428301,06001422500,88.0,113.0,25.0
06001428301,06001422700,88.0,117.0,29.0
06001428301,06001422800,80.0,113.0,33.0
06001428301,06001422901,78.0,107.0,29.0
06001428301,06001422902,76.0,105.0,29.0
06001428301,06001423000,88.0,117.0,29.0
06001428301,06001423100,95.0,119.0,24.0
06001428301,06001423200,97.0,120.0,23.0
06001428301,06001423300,100.0,120.0,20.0
06001428301,06001423400,88.0,117.0,29.0
06001428301,06001423500,81.0,110.0,29.0
06001428301,06001423601,91.0,119.0,28.0
06001428301,06001423602,87.0,119.0,32.0
06001428301,06001423700,89.0,120.0,31.0
06001428301,06001423800,96.0,120.0,24.0
06001428301,06001423901,75.0,104.0,29.0
06001428301,06001423902,89.0,116.0,27.0
06001428301,06001424001,79.0,108.0,29.0
06001428301,06001424002,89.0,116.0,27.0
06001428301,06001425101,108.0,120.0,12.0
06001428301,06001425102,90.0,114.0,24.0
06001428301,06001425103,95.0,120.0,25.0
06001428301,06001425104,83.0,107.0,24.0
06001428301,06001426100,95.0,120.0,25.0
06001428301,06001426200,79.0,105.0,26.0
06001428301,06001427100,39.0,68.0,29.0
06001428301,06001427200,54.0,92.0,38.0
06001428301,06001427300,55.0,109.0,54.0
06001428301,06001427600,47.0,105.0,58.0
06001428301,06001427700,56.0,116.0,60.0
06001428301,06001427800,36.0,97.0,61.0
06001428301,06001427900,36.0,89.0,53.0
06001428301,06001428000,37.0,77.0,40.0
06001428301,06001428100,31.0,57.0,26.0
06001428301,06001428200,27.0,43.0,16.0
06001428301,06001428301,0.0,0.0,0.0
06001428301,06001428302,27.0,28.0,1.0
06001428301,06001428400,53.0,69.0,16.0
06001428301,06001428500,50.0,73.0,23.0
06001428301,06001428600,51.0,93.0,42.0
06001428301,06001428700,77.0,120.0,43.0
06001428301,06001430101,120.0,120.0,0.0
06001428301,06001430102,120.0,120.0,0.0
06001428301,06001430200,120.0,120.0,0.0
06001428301,06001430300,108.0,120.0,12.0
06001428301,06001430400,120.0,120.0,0.0
06001428301,06001430500,98.0,120.0,22.0
06001428301,06001430600,108.0,120.0,12.0
06001428301,06001430700,94.0,120.0,26.0
06001428301,06001430800,86.0,120.0,34.0
06001428301,06001430900,88.0,120.0,32.0
06001428301,06001431000,72.0,108.0,36.0
06001428301,06001431100,86.0,120.0,34.0
06001428301,06001431200,83.0,120.0,37.0
06001428301,06001432100,83.0,120.0,37.0
06001428301,06001432200,80.0,115.0,35.0
06001428301,06001432300,74.0,109.0,35.0
06001428301,06001432400,103.0,120.0,17.0
06001428301,06001432501,78.0,113.0,35.0
06001428301,06001432502,77.0,114.0,37.0
06001428301,06001432601,60.0,95.0,35.0
06001428301,06001432602,72.0,103.0,31.0
06001428301,06001432700,76.0,116.0,40.0
06001428301,06001432800,105.0,120.0,15.0
06001428301,06001433000,83.0,110.0,27.0
06001428301,06001433102,75.0,110.0,35.0
06001428301,06001433103,80.0,109.0,29.0
06001428301,06001433104,82.0,109.0,27.0
06001428301,06001433200,91.0,120.0,29.0
06001428301,06001433300,83.0,120.0,37.0
06001428301,06001433400,120.0,120.0,0.0
06001428301,06001433500,88.0,120.0,32.0
06001428301,06001433600,81.0,120.0,39.0
06001428301,06001433700,80.0,120.0,40.0
06001428301,06001433801,75.0,110.0,35.0
06001428301,06001433802,67.0,102.0,35.0
06001428301,06001433900,85.0,120.0,35.0
06001428301,06001434000,78.0,113.0,35.0
06001428301,06001435102,106.0,120.0,14.0
06001428301,06001435103,120.0,120.0,0.0
06001428301,06001435104,120.0,120.0,0.0
06001428301,06001435200,88.0,120.0,32.0
06001428301,06001435300,91.0,120.0,29.0
06001428301,06001435400,77.0,119.0,42.0
06001428301,06001435500,85.0,119.0,34.0
06001428301,06001435601,96.0,120.0,24.0
06001428301,06001435602,94.0,120.0,26.0
06001428301,06001435700,87.0,120.0,33.0
06001428301,06001435800,80.0,120.0,40.0
06001428301,06001435900,84.0,120.0,36.0
06001428301,06001436000,89.0,120.0,31.0
06001428301,06001436100,80.0,120.0,40.0
06001428301,06001436200,94.0,120.0,26.0
06001428301,06001436301,80.0,120.0,40.0
06001428301,06001436302,73.0,120.0,47.0
06001428301,06001436402,120.0,120.0,0.0
06001428301,06001436403,77.0,120.0,43.0
06001428301,06001436404,102.0,120.0,18.0
06001428301,06001436500,87.0,120.0,33.0
06001428301,06001436601,89.0,120.0,31.0
06001428301,06001436602,99.0,120.0,21.0
06001428301,06001436700,87.0,120.0,33.0
06001428301,06001436800,86.0,120.0,34.0
06001428301,06001436900,90.0,120.0,30.0
06001428301,06001437000,100.0,120.0,20.0
06001428301,06001437101,120.0,120.0,0.0
06001428301,06001437102,99.0,120.0,21.0
06001428301,06001437200,105.0,120.0,15.0
06001428301,06001437300,102.0,120.0,18.0
06001428301,06001437400,120.0,120.0,0.0
06001428301,06001437500,116.0,120.0,4.0
06001428301,06001437600,101.0,120.0,19.0
06001428301,06001437701,95.0,120.0,25.0
06001428301,06001437702,106.0,120.0,14.0
06001428301,06001437800,95.0,120.0,25.0
06001428301,06001437900,87.0,120.0,33.0
06001428301,06001438000,106.0,120.0,14.0
06001428301,06001438100,103.0,120.0,17.0
06001428301,06001438201,101.0,120.0,19.0
06001428301,06001438203,117.0,120.0,3.0
06001428301,06001438204,102.0,120.0,18.0
06001428301,06001438300,104.0,120.0,16.0
06001428301,06001438400,110.0,120.0,10.0
06001428301,06001440100,120.0,120.0,0.0
06001428301,06001440200,97.0,120.0,23.0
06001428301,06001440301,107.0,120.0,13.0
06001428301,06001440304,116.0,120.0,4.0
06001428301,06001440305,120.0,120.0,0.0
06001428301,06001440306,111.0,120.0,9.0
06001428301,06001440307,100.0,120.0,20.0
06001428301,06001440308,90.0,120.0,30.0
06001428301,06001440331,109.0,120.0,11.0
06001428301,06001440332,120.0,120.0,0.0
06001428301,06001440333,112.0,120.0,8.0
06001428301,06001440334,110.0,120.0,10.0
06001428301,06001440336,96.0,120.0,24.0
06001428301,06001440337,101.0,120.0,19.0
06001428301,06001440338,96.0,120.0,24.0
06001428301,06001441100,120.0,120.0,0.0
06001428301,06001441200,97.0,120.0,23.0
06001428301,06001441301,120.0,120.0,0.0
06001428301,06001441302,100.0,120.0,20.0
06001428301,06001441401,98.0,120.0,22.0
06001428301,06001441402,113.0,120.0,7.0
06001428301,06001441501,120.0,120.0,0.0
06001428301,06001441503,120.0,120.0,0.0
06001428301,06001441521,120.0,120.0,0.0
06001428301,06001441522,104.0,120.0,16.0
06001428301,06001441523,120.0,120.0,0.0
06001428301,06001441524,120.0,120.0,0.0
06001428301,06001441525,120.0,120.0,0.0
06001428301,06001441601,99.0,120.0,21.0
06001428301,06001441602,110.0,120.0,10.0
06001428301,06001441701,120.0,120.0,0.0
06001428301,06001441702,96.0,120.0,24.0
06001428301,06001441800,108.0,120.0,12.0
06001428301,06001441921,105.0,120.0,15.0
06001428301,06001441923,100.0,120.0,20.0
06001428301,06001441924,108.0,120.0,12.0
06001428301,06001441926,109.0,120.0,11.0
06001428301,06001441927,105.0,120.0,15.0
06001428301,06001441928,111.0,120.0,9.0
06001428301,06001441929,101.0,120.0,19.0
06001428301,06001442000,120.0,120.0,0.0
06001428301,06001442100,120.0,120.0,0.0
06001428301,06001442200,120.0,120.0,0.0
06001428301,06001442301,114.0,120.0,6.0
06001428301,06001442302,113.0,120.0,7.0
06001428301,06001442400,116.0,120.0,4.0
06001428301,06001442501,120.0,120.0,0.0
06001428301,06001442502,112.0,120.0,8.0
06001428301,06001442601,113.0,120.0,7.0
06001428301,06001442602,116.0,120.0,4.0
06001428301,06001442700,120.0,120.0,0.0
06001428301,06001442800,120.0,120.0,0.0
06001428301,06001442900,120.0,120.0,0.0
06001428301,06001443001,115.0,120.0,5.0
06001428301,06001443002,118.0,120.0,2.0
06001428301,06001443102,110.0,120.0,10.0
06001428301,06001443103,120.0,120.0,0.0
06001428301,06001443104,120.0,120.0,0.0
06001428301,06001443105,120.0,120.0,0.0
06001428301,06001443200,120.0,120.0,0.0
06001428301,06001443301,120.0,120.0,0.0
06001428301,06001443321,115.0,120.0,5.0
06001428301,06001443322,117.0,120.0,3.0
06001428301,06001444100,119.0,120.0,1.0
06001428301,06001444200,111.0,120.0,9.0
06001428301,06001444301,120.0,120.0,0.0
06001428301,06001444303,120.0,120.0,0.0
06001428301,06001444304,120.0,120.0,0.0
06001428301,06001444400,112.0,120.0,8.0
06001428301,06001444500,114.0,120.0,6.0
06001428301,06001444601,120.0,120.0,0.0
06001428301,06001444602,120.0,120.0,0.0
06001428301,06001450101,105.0,120.0,15.0
06001428301,06001450102,120.0,120.0,0.0
06001428301,06001450200,120.0,120.0,0.0
06001428301,06001450300,120.0,120.0,0.0
06001428301,06001450400,102.0,120.0,18.0
06001428301,06001450501,120.0,120.0,0.0
06001428301,06001450502,120.0,120.0,0.0
06001428301,06001450601,120.0,120.0,0.0
06001428301,06001450603,120.0,120.0,0.0
06001428301,06001450604,120.0,120.0,0.0
06001428301,06001450605,120.0,120.0,0.0
06001428301,06001450606,120.0,120.0,0.0
06001428301,06001450607,120.0,120.0,0.0
06001428301,06001450608,120.0,120.0,0.0
06001428301,06001450609,98.0,120.0,22.0
06001428301,06001450701,120.0,120.0,0.0
06001428301,06001450741,120.0,120.0,0.0
06001428301,06001450742,120.0,120.0,0.0
06001428301,06001450743,100.0,120.0,20.0
06001428301,06001450744,120.0,120.0,0.0
06001428301,06001450745,120.0,120.0,0.0
06001428301,06001450746,120.0,120.0,0.0
06001428301,06001450750,120.0,120.0,0.0
06001428301,06001450751,120.0,120.0,0.0
06001428301,06001450752,120.0,120.0,0.0
06001428301,06001451102,120.0,120.0,0.0
06001428301,06001451103,120.0,120.0,0.0
06001428301,06001451104,120.0,120.0,0.0
06001428301,06001451201,120.0,120.0,0.0
06001428301,06001451202,120.0,120.0,0.0
06001428301,06001451300,120.0,120.0,0.0
06001428301,06001451401,120.0,120.0,0.0
06001428301,06001451403,120.0,120.0,0.0
06001428301,06001451404,120.0,120.0,0.0
06001428301,06001451501,120.0,120.0,0.0
06001428301,06001451503,120.0,120.0,0.0
06001428301,06001451504,120.0,120.0,0.0
06001428301,06001451505,120.0,120.0,0.0
06001428301,06001451506,120.0,120.0,0.0
06001428301,06001451601,120.0,120.0,0.0
06001428301,06001451602,120.0,120.0,0.0
06001428301,06001451701,120.0,120.0,0.0
06001428301,06001451703,120.0,120.0,0.0
06001428301,06001451704,120.0,120.0,0.0
06001428301,06001981900,120.0,120.0,0.0
06001428301,06001982000,88.0,120.0,32.0
06001428301,06001982100,89.0,113.0,24.0
06001428301,06001983200,69.0,104.0,35.0
06001428301,06001990000,120.0,120.0,0.0
06001428302,06001400100,120.0,120.0,0.0
06001428302,06001400200,87.0,67.0,-20.0
06001428302,06001400300,87.0,62.0,-25.0
06001428302,06001400400,94.0,73.0,-21.0
06001428302,06001400500,85.0,73.0,-12.0
06001428302,06001400600,80.0,66.0,-14.0
06001428302,06001400700,83.0,68.0,-15.0
06001428302,06001400800,92.0,72.0,-20.0
06001428302,06001400900,92.0,72.0,-20.0
06001428302,06001401000,75.0,62.0,-13.0
06001428302,06001401100,72.0,60.0,-12.0
06001428302,06001401200,78.0,60.0,-18.0
06001428302,06001401300,78.0,55.0,-23.0
06001428302,06001401400,84.0,66.0,-18.0
06001428302,06001401500,89.0,66.0,-23.0
06001428302,06001401600,86.0,63.0,-23.0
06001428302,06001401700,114.0,118.0,4.0
06001428302,06001401800,71.0,71.0,0.0
06001428302,06001402200,63.0,63.0,0.0
06001428302,06001402400,80.0,65.0,-15.0
06001428302,06001402500,78.0,63.0,-15.0
06001428302,06001402600,74.0,57.0,-17.0
06001428302,06001402700,75.0,58.0,-17.0
06001428302,06001402801,67.0,49.0,-18.0
06001428302,06001402802,68.0,49.0,-19.0
06001428302,06001402900,65.0,50.0,-15.0
06001428302,06001403000,62.0,44.0,-18.0
06001428302,06001403100,66.0,47.0,-19.0
06001428302,06001403301,58.0,47.0,-11.0
06001428302,06001403302,64.0,56.0,-8.0
06001428302,06001403401,83.0,67.0,-16.0
06001428302,06001403402,66.0,54.0,-12.0
06001428302,06001403501,76.0,53.0,-23.0
06001428302,06001403502,72.0,59.0,-13.0
06001428302,06001403600,83.0,64.0,-19.0
06001428302,06001403701,75.0,59.0,-16.0
06001428302,06001403702,84.0,60.0,-24.0
06001428302,06001403800,93.0,62.0,-31.0
06001428302,06001403900,83.0,54.0,-29.0
06001428302,06001404000,80.0,60.0,-20.0
06001428302,06001404101,86.0,64.0,-22.0
06001428302,06001404102,83.0,62.0,-21.0
06001428302,06001404200,120.0,98.0,-22.0
06001428302,06001404300,100.0,79.0,-21.0
06001428302,06001404400,120.0,120.0,0.0
06001428302,06001404501,103.0,79.0,-24.0
06001428302,06001404502,117.0,93.0,-24.0
06001428302,06001404600,101.0,120.0,19.0
06001428302,06001404700,88.0,82.0,-6.0
06001428302,06001404800,79.0,52.0,-27.0
06001428302,06001404900,79.0,52.0,-27.0
06001428302,06001405000,90.0,59.0,-31.0
06001428302,06001405100,96.0,65.0,-31.0
06001428302,06001405200,86.0,53.0,-33.0
06001428302,06001405301,79.0,56.0,-23.0
06001428302,06001405302,73.0,56.0,-17.0
06001428302,06001405401,78.0,52.0,-26.0
06001428302,06001405402,75.0,51.0,-24.0
06001428302,06001405500,78.0,58.0,-20.0
06001428302,06001405600,77.0,59.0,-18.0
06001428302,06001405700,72.0,52.0,-20.0
06001428302,06001405800,74.0,53.0,-21.0
06001428302,06001405901,68.0,50.0,-18.0
06001428302,06001405902,76.0,53.0,-23.0
06001428302,06001406000,76.0,73.0,-3.0
06001428302,06001406100,41.0,32.0,-9.0
06001428302,06001406201,65.0,43.0,-22.0
06001428302,06001406202,57.0,35.0,-22.0
06001428302,06001406300,66.0,40.0,-26.0
06001428302,06001406400,73.0,46.0,-27.0
06001428302,06001406500,63.0,42.0,-21.0
06001428302,06001406601,66.0,53.0,-13.0
06001428302,06001406602,69.0,41.0,-28.0
06001428302,06001406700,80.0,66.0,-14.0
06001428302,06001406800,66.0,51.0,-15.0
06001428302,06001406900,79.0,65.0,-14.0
06001428302,06001407000,68.0,55.0,-13.0
06001428302,06001407101,60.0,49.0,-11.0
06001428302,06001407102,70.0,58.0,-12.0
06001428302,06001407200,57.0,43.0,-14.0
06001428302,06001407300,65.0,58.0,-7.0
06001428302,06001407400,69.0,56.0,-13.0
06001428302,06001407500,71.0,58.0,-13.0
06001428302,06001407600,77.0,62.0,-15.0
06001428302,06001407700,78.0,63.0,-15.0
06001428302,06001407800,73.0,63.0,-10.0
06001428302,06001407900,84.0,70.0,-14.0
06001428302,06001408000,91.0,86.0,-5.0
06001428302,06001408100,90.0,74.0,-16.0
06001428302,06001408200,83.0,70.0,-13.0
06001428302,06001408300,89.0,75.0,-14.0
06001428302,06001408400,80.0,71.0,-9.0
06001428302,06001408500,76.0,69.0,-7.0
06001428302,06001408600,75.0,66.0,-9.0
06001428302,06001408700,74.0,62.0,-12.0
06001428302,06001408800,65.0,52.0,-13.0
06001428302,06001408900,65.0,52.0,-13.0
06001428302,06001409000,87.0,93.0,6.0
06001428302,06001409100,78.0,70.0,-8.0
06001428302,06001409200,81.0,84.0,3.0
06001428302,06001409300,85.0,63.0,-22.0
06001428302,06001409400,84.0,61.0,-23.0
06001428302,06001409500,70.0,47.0,-23.0
06001428302,06001409600,79.0,55.0,-24.0
06001428302,06001409700,81.0,57.0,-24.0
06001428302,06001409800,93.0,81.0,-12.0
06001428302,06001409900,120.0,120.0,0.0
06001428302,06001410000,104.0,95.0,-9.0
06001428302,06001410100,88.0,64.0,-24.0
06001428302,06001410200,84.0,60.0,-24.0
06001428302,06001410300,79.0,62.0,-17.0
06001428302,06001410400,85.0,63.0,-22.0
06001428302,06001410500,75.0,63.0,-12.0
06001428302,06001420100,99.0,88.0,-11.0
06001428302,06001420200,95.0,84.0,-11.0
06001428302,06001420301,101.0,90.0,-11.0
06001428302,06001420302,120.0,112.0,-8.0
06001428302,06001420401,93.0,82.0,-11.0
06001428302,06001420402,120.0,119.0,-1.0
06001428302,06001420500,98.0,85.0,-13.0
06001428302,06001420600,99.0,92.0,-7.0
06001428302,06001421100,112.0,99.0,-13.0
06001428302,06001421200,102.0,80.0,-22.0
06001428302,06001421300,89.0,80.0,-9.0
06001428302,06001421400,87.0,74.0,-13.0
06001428302,06001421500,111.0,99.0,-12.0
06001428302,06001421600,104.0,93.0,-11.0
06001428302,06001421700,80.0,68.0,-12.0
06001428302,06001421800,91.0,80.0,-11.0
06001428302,06001421900,95.0,84.0,-11.0
06001428302,06001422000,95.0,100.0,5.0
06001428302,06001422100,96.0,84.0,-12.0
06001428302,06001422200,85.0,74.0,-11.0
06001428302,06001422300,83.0,72.0,-11.0
06001428302,06001422400,81.0,69.0,-12.0
06001428302,06001422500,88.0,82.0,-6.0
06001428302,06001422700,88.0,81.0,-7.0
06001428302,06001422800,80.0,73.0,-7.0
06001428302,06001422901,78.0,68.0,-10.0
06001428302,06001422902,76.0,65.0,-11.0
06001428302,06001423000,88.0,77.0,-11.0
06001428302,06001423100,95.0,79.0,-16.0
06001428302,06001423200,97.0,80.0,-17.0
06001428302,06001423300,100.0,78.0,-22.0
06001428302,06001423400,88.0,76.0,-12.0
06001428302,06001423500,81.0,70.0,-11.0
06001428302,06001423601,91.0,79.0,-12.0
06001428302,06001423602,87.0,80.0,-7.0
06001428302,06001423700,89.0,82.0,-7.0
06001428302,06001423800,96.0,85.0,-11.0
06001428302,06001423901,75.0,64.0,-11.0
06001428302,06001423902,89.0,80.0,-9.0
06001428302,06001424001,79.0,68.0,-11.0
06001428302,06001424002,89.0,78.0,-11.0
06001428302,06001425101,108.0,92.0,-16.0
06001428302,06001425102,90.0,74.0,-16.0
06001428302,06001425103,95.0,80.0,-15.0
06001428302,06001425104,83.0,67.0,-16.0
06001428302,06001426100,95.0,91.0,-4.0
06001428302,06001426200,79.0,75.0,-4.0
06001428302,06001427100,40.0,34.0,-6.0
06001428302,06001427200,56.0,44.0,-12.0
06001428302,06001427300,66.0,51.0,-15.0
06001428302,06001427600,62.0,47.0,-15.0
06001428302,06001427700,73.0,58.0,-15.0
06001428302,06001427800,53.0,39.0,-14.0
06001428302,06001427900,47.0,35.0,-12.0
06001428302,06001428000,38.0,29.0,-9.0
06001428302,06001428100,32.0,31.0,-1.0
06001428302,06001428200,28.0,20.0,-8.0
06001428302,06001428301,16.0,28.0,12.0
06001428302,06001428302,0.0,0.0,0.0
06001428302,06001428400,54.0,37.0,-17.0
06001428302,06001428500,51.0,34.0,-17.0
06001428302,06001428600,58.0,54.0,-4.0
06001428302,06001428700,101.0,65.0,-36.0
06001428302,06001430101,120.0,120.0,0.0
06001428302,06001430102,120.0,120.0,0.0
06001428302,06001430200,120.0,120.0,0.0
06001428302,06001430300,108.0,120.0,12.0
06001428302,06001430400,120.0,120.0,0.0
06001428302,06001430500,98.0,96.0,-2.0
06001428302,06001430600,108.0,104.0,-4.0
06001428302,06001430700,94.0,120.0,26.0
06001428302,06001430800,86.0,88.0,2.0
06001428302,06001430900,88.0,84.0,-4.0
06001428302,06001431000,72.0,68.0,-4.0
06001428302,06001431100,86.0,82.0,-4.0
06001428302,06001431200,83.0,91.0,8.0
06001428302,06001432100,83.0,73.0,-10.0
06001428302,06001432200,80.0,59.0,-21.0
06001428302,06001432300,74.0,58.0,-16.0
06001428302,06001432400,103.0,120.0,17.0
06001428302,06001432501,78.0,65.0,-13.0
06001428302,06001432502,77.0,66.0,-11.0
06001428302,06001432601,60.0,47.0,-13.0
06001428302,06001432602,72.0,59.0,-13.0
06001428302,06001432700,76.0,67.0,-9.0
06001428302,06001432800,105.0,96.0,-9.0
06001428302,06001433000,83.0,70.0,-13.0
06001428302,06001433102,75.0,62.0,-13.0
06001428302,06001433103,80.0,69.0,-11.0
06001428302,06001433104,82.0,69.0,-13.0
06001428302,06001433200,91.0,96.0,5.0
06001428302,06001433300,83.0,120.0,37.0
06001428302,06001433400,120.0,120.0,0.0
06001428302,06001433500,88.0,104.0,16.0
06001428302,06001433600,81.0,91.0,10.0
06001428302,06001433700,80.0,79.0,-1.0
06001428302,06001433801,75.0,65.0,-10.0
06001428302,06001433802,67.0,54.0,-13.0
06001428302,06001433900,85.0,77.0,-8.0
06001428302,06001434000,78.0,73.0,-5.0
06001428302,06001435102,106.0,120.0,14.0
06001428302,06001435103,120.0,120.0,0.0
06001428302,06001435104,120.0,120.0,0.0
06001428302,06001435200,88.0,120.0,32.0
06001428302,06001435300,91.0,120.0,29.0
06001428302,06001435400,77.0,60.0,-17.0
06001428302,06001435500,85.0,74.0,-11.0
06001428302,06001435601,96.0,79.0,-17.0
06001428302,06001435602,94.0,88.0,-6.0
06001428302,06001435700,87.0,83.0,-4.0
06001428302,06001435800,80.0,72.0,-8.0
06001428302,06001435900,84.0,75.0,-9.0
06001428302,06001436000,89.0,75.0,-14.0
06001428302,06001436100,80.0,71.0,-9.0
06001428302,06001436200,94.0,72.0,-22.0
06001428302,06001436301,80.0,63.0,-17.0
06001428302,06001436302,73.0,61.0,-12.0
06001428302,06001436402,120.0,120.0,0.0
06001428302,06001436403,77.0,78.0,1.0
06001428302,06001436404,102.0,120.0,18.0
06001428302,06001436500,87.0,73.0,-14.0
06001428302,06001436601,89.0,75.0,-14.0
06001428302,06001436602,99.0,87.0,-12.0
06001428302,06001436700,87.0,75.0,-12.0
06001428302,06001436800,86.0,74.0,-12.0
06001428302,06001436900,90.0,78.0,-12.0
06001428302,06001437000,100.0,84.0,-16.0
06001428302,06001437101,120.0,120.0,0.0
06001428302,06001437102,99.0,83.0,-16.0
06001428302,06001437200,105.0,89.0,-16.0
06001428302,06001437300,102.0,86.0,-16.0
06001428302,06001437400,120.0,109.0,-11.0
06001428302,06001437500,116.0,104.0,-12.0
06001428302,06001437600,101.0,86.0,-15.0
06001428302,06001437701,95.0,80.0,-15.0
06001428302,06001437702,106.0,91.0,-15.0
06001428302,06001437800,95.0,80.0,-15.0
06001428302,06001437900,87.0,72.0,-15.0
06001428302,06001438000,106.0,92.0,-14.0
06001428302,06001438100,103.0,88.0,-15.0
06001428302,06001438201,101.0,86.0,-15.0
06001428302,06001438203,117.0,120.0,3.0
06001428302,06001438204,102.0,85.0,-17.0
06001428302,06001438300,104.0,88.0,-16.0
06001428302,06001438400,110.0,96.0,-14.0
06001428302,06001440100,120.0,120.0,0.0
06001428302,06001440200,97.0,82.0,-15.0
06001428302,06001440301,107.0,86.0,-21.0
06001428302,06001440304,116.0,92.0,-24.0
06001428302,06001440305,120.0,107.0,-13.0
06001428302,06001440306,111.0,91.0,-20.0
06001428302,06001440307,100.0,79.0,-21.0
06001428302,06001440308,90.0,69.0,-21.0
06001428302,06001440331,109.0,88.0,-21.0
06001428302,06001440332,120.0,105.0,-15.0
06001428302,06001440333,112.0,97.0,-15.0
06001428302,06001440334,110.0,87.0,-23.0
06001428302,06001440336,96.0,80.0,-16.0
06001428302,06001440337,101.0,88.0,-13.0
06001428302,06001440338,96.0,79.0,-17.0
06001428302,06001441100,120.0,120.0,0.0
06001428302,06001441200,97.0,120.0,23.0
06001428302,06001441301,120.0,120.0,0.0
06001428302,06001441302,100.0,97.0,-3.0
06001428302,06001441401,98.0,95.0,-3.0
06001428302,06001441402,113.0,110.0,-3.0
06001428302,06001441501,120.0,120.0,0.0
06001428302,06001441503,120.0,120.0,0.0
06001428302,06001441521,120.0,120.0,0.0
06001428302,06001441522,104.0,101.0,-3.0
06001428302,06001441523,120.0,120.0,0.0
06001428302,06001441524,120.0,120.0,0.0
06001428302,06001441525,120.0,120.0,0.0
06001428302,06001441601,99.0,96.0,-3.0
06001428302,06001441602,110.0,107.0,-3.0
06001428302,06001441701,120.0,113.0,-7.0
06001428302,06001441702,96.0,93.0,-3.0
06001428302,06001441800,108.0,88.0,-20.0
06001428302,06001441921,105.0,110.0,5.0
06001428302,06001441923,100.0,77.0,-23.0
06001428302,06001441924,108.0,95.0,-13.0
06001428302,06001441926,109.0,99.0,-10.0
06001428302,06001441927,105.0,93.0,-12.0
06001428302,06001441928,111.0,94.0,-17.0
06001428302,06001441929,101.0,84.0,-17.0
06001428302,06001442000,120.0,120.0,0.0
06001428302,06001442100,120.0,120.0,0.0
06001428302,06001442200,120.0,120.0,0.0
06001428302,06001442301,114.0,111.0,-3.0
06001428302,06001442302,113.0,110.0,-3.0
06001428302,06001442400,116.0,109.0,-7.0
06001428302,06001442501,120.0,101.0,-19.0
06001428302,06001442502,112.0,83.0,-29.0
06001428302,06001442601,113.0,83.0,-30.0
06001428302,06001442602,116.0,96.0,-20.0
06001428302,06001442700,120.0,92.0,-28.0
06001428302,06001442800,120.0,96.0,-24.0
06001428302,06001442900,120.0,112.0,-8.0
06001428302,06001443001,115.0,115.0,0.0
06001428302,06001443002,118.0,107.0,-11.0
06001428302,06001443102,110.0,93.0,-17.0
06001428302,06001443103,120.0,120.0,0.0
06001428302,06001443104,120.0,120.0,0.0
06001428302,06001443105,120.0,120.0,0.0
06001428302,06001443200,120.0,120.0,0.0
06001428302,06001443301,120.0,120.0,0.0
06001428302,06001443321,115.0,120.0,5.0
06001428302,06001443322,117.0,120.0,3.0
06001428302,06001444100,119.0,117.0,-2.0
06001428302,06001444200,111.0,109.0,-2.0
06001428302,06001444301,120.0,120.0,0.0
06001428302,06001444303,120.0,120.0,0.0
06001428302,06001444304,120.0,117.0,-3.0
06001428302,06001444400,112.0,109.0,-3.0
06001428302,06001444500,114.0,109.0,-5.0
06001428302,06001444601,120.0,100.0,-20.0
06001428302,06001444602,120.0,120.0,0.0
06001428302,06001450101,105.0,99.0,-6.0
06001428302,06001450102,120.0,120.0,0.0
06001428302,06001450200,120.0,120.0,0.0
06001428302,06001450300,120.0,120.0,0.0
06001428302,06001450400,102.0,97.0,-5.0
06001428302,06001450501,120.0,120.0,0.0
06001428302,06001450502,120.0,120.0,0.0
06001428302,06001450601,120.0,120.0,0.0
06001428302,06001450603,120.0,120.0,0.0
06001428302,06001450604,120.0,120.0,0.0
06001428302,06001450605,120.0,120.0,0.0
06001428302,06001450606,120.0,120.0,0.0
06001428302,06001450607,120.0,120.0,0.0
06001428302,06001450608,120.0,120.0,0.0
06001428302,06001450609,98.0,93.0,-5.0
06001428302,06001450701,120.0,120.0,0.0
06001428302,06001450741,120.0,120.0,0.0
06001428302,06001450742,120.0,120.0,0.0
06001428302,06001450743,100.0,97.0,-3.0
06001428302,06001450744,120.0,120.0,0.0
06001428302,06001450745,120.0,120.0,0.0
06001428302,06001450746,120.0,120.0,0.0
06001428302,06001450750,120.0,120.0,0.0
06001428302,06001450751,120.0,120.0,0.0
06001428302,06001450752,120.0,120.0,0.0
06001428302,06001451102,120.0,120.0,0.0
06001428302,06001451103,120.0,120.0,0.0
06001428302,06001451104,120.0,120.0,0.0
06001428302,06001451201,120.0,120.0,0.0
06001428302,06001451202,120.0,120.0,0.0
06001428302,06001451300,120.0,120.0,0.0
06001428302,06001451401,120.0,120.0,0.0
06001428302,06001451403,120.0,120.0,0.0
06001428302,06001451404,120.0,120.0,0.0
06001428302,06001451501,120.0,120.0,0.0
06001428302,06001451503,120.0,120.0,0.0
06001428302,06001451504,120.0,120.0,0.0
06001428302,06001451505,120.0,120.0,0.0
06001428302,06001451506,120.0,120.0,0.0
06001428302,06001451601,120.0,120.0,0.0
06001428302,06001451602,120.0,120.0,0.0
06001428302,06001451701,120.0,120.0,0.0
06001428302,06001451703,120.0,120.0,0.0
06001428302,06001451704,120.0,120.0,0.0
06001428302,06001981900,120.0,120.0,0.0
06001428302,06001982000,88.0,88.0,0.0
06001428302,06001982100,89.0,83.0,-6.0
06001428302,06001983200,70.0,52.0,-18.0
06001428302,06001990000,120.0,120.0,0.0
06001432502,06001400100,110.0,120.0,10.0
06001432502,06001400200,67.0,70.0,3.0
06001432502,06001400300,69.0,72.0,3.0
06001432502,06001400400,74.0,78.0,4.0
06001432502,06001400500,65.0,73.0,8.0
06001432502,06001400600,64.0,69.0,5.0
06001432502,06001400700,63.0,75.0,12.0
06001432502,06001400800,63.0,72.0,9.0
06001432502,06001400900,62.0,72.0,10.0
06001432502,06001401000,56.0,62.0,6.0
06001432502,06001401100,52.0,61.0,9.0
06001432502,06001401200,62.0,71.0,9.0
06001432502,06001401300,56.0,66.0,10.0
06001432502,06001401400,57.0,66.0,9.0
06001432502,06001401500,59.0,67.0,8.0
06001432502,06001401600,57.0,68.0,11.0
06001432502,06001401700,114.0,120.0,6.0
06001432502,06001401800,60.0,54.0,-6.0
06001432502,06001402200,52.0,46.0,-6.0
06001432502,06001402400,59.0,66.0,7.0
06001432502,06001402500,51.0,55.0,4.0
06001432502,06001402600,52.0,54.0,2.0
06001432502,06001402700,55.0,62.0,7.0
06001432502,06001402801,47.0,56.0,9.0
06001432502,06001402802,48.0,55.0,7.0
06001432502,06001402900,45.0,54.0,9.0
06001432502,06001403000,48.0,47.0,-1.0
06001432502,06001403100,48.0,50.0,2.0
06001432502,06001403301,41.0,41.0,0.0
06001432502,06001403302,47.0,47.0,0.0
06001432502,06001403401,63.0,78.0,15.0
06001432502,06001403402,48.0,49.0,1.0
06001432502,06001403501,56.0,73.0,17.0
06001432502,06001403502,52.0,69.0,17.0
06001432502,06001403600,63.0,79.0,16.0
06001432502,06001403701,55.0,71.0,16.0
06001432502,06001403702,64.0,71.0,7.0
06001432502,06001403800,70.0,79.0,9.0
06001432502,06001403900,63.0,74.0,11.0
06001432502,06001404000,65.0,80.0,15.0
06001432502,06001404101,71.0,81.0,10.0
06001432502,06001404102,67.0,80.0,13.0
06001432502,06001404200,101.0,111.0,10.0
06001432502,06001404300,80.0,83.0,3.0
06001432502,06001404400,120.0,120.0,0.0
06001432502,06001404501,88.0,82.0,-6.0
06001432502,06001404502,102.0,96.0,-6.0
06001432502,06001404600,101.0,120.0,19.0
06001432502,06001404700,88.0,85.0,-3.0
06001432502,06001404800,65.0,69.0,4.0
06001432502,06001404900,65.0,66.0,1.0
06001432502,06001405000,75.0,73.0,-2.0
06001432502,06001405100,81.0,79.0,-2.0
06001432502,06001405200,71.0,69.0,-2.0
06001432502,06001405301,59.0,63.0,4.0
06001432502,06001405302,57.0,58.0,1.0
06001432502,06001405401,58.0,59.0,1.0
06001432502,06001405402,59.0,57.0,-2.0
06001432502,06001405500,59.0,63.0,4.0
06001432502,06001405600,66.0,63.0,-3.0
06001432502,06001405700,65.0,58.0,-7.0
06001432502,06001405800,66.0,62.0,-4.0
06001432502,06001405901,63.0,54.0,-9.0
06001432502,06001405902,61.0,59.0,-2.0
06001432502,06001406000,76.0,76.0,0.0
06001432502,06001406100,40.0,40.0,0.0
06001432502,06001406201,56.0,52.0,-4.0
06001432502,06001406202,46.0,50.0,4.0
06001432502,06001406300,51.0,55.0,4.0
06001432502,06001406400,58.0,61.0,3.0
06001432502,06001406500,53.0,54.0,1.0
06001432502,06001406601,65.0,56.0,-9.0
06001432502,06001406602,53.0,58.0,5.0
06001432502,06001406700,71.0,69.0,-2.0
06001432502,06001406800,66.0,54.0,-12.0
06001432502,06001406900,72.0,68.0,-4.0
06001432502,06001407000,64.0,58.0,-6.0
06001432502,06001407101,56.0,52.0,-4.0
06001432502,06001407102,60.0,61.0,1.0
06001432502,06001407200,44.0,44.0,0.0
06001432502,06001407300,55.0,56.0,1.0
06001432502,06001407400,49.0,56.0,7.0
06001432502,06001407500,46.0,60.0,14.0
06001432502,06001407600,62.0,65.0,3.0
06001432502,06001407700,53.0,66.0,13.0
06001432502,06001407800,59.0,63.0,4.0
06001432502,06001407900,75.0,72.0,-3.0
06001432502,06001408000,91.0,89.0,-2.0
06001432502,06001408100,90.0,77.0,-13.0
06001432502,06001408200,57.0,56.0,-1.0
06001432502,06001408300,59.0,60.0,1.0
06001432502,06001408400,57.0,48.0,-9.0
06001432502,06001408500,54.0,45.0,-9.0
06001432502,06001408600,55.0,44.0,-11.0
06001432502,06001408700,49.0,59.0,10.0
06001432502,06001408800,43.0,43.0,0.0
06001432502,06001408900,44.0,40.0,-4.0
06001432502,06001409000,67.0,66.0,-1.0
06001432502,06001409100,57.0,52.0,-5.0
06001432502,06001409200,61.0,66.0,5.0
06001432502,06001409300,45.0,50.0,5.0
06001432502,06001409400,54.0,56.0,2.0
06001432502,06001409500,50.0,47.0,-3.0
06001432502,06001409600,47.0,50.0,3.0
06001432502,06001409700,56.0,53.0,-3.0
06001432502,06001409800,63.0,67.0,4.0
06001432502,06001409900,120.0,120.0,0.0
06001432502,06001410000,63.0,59.0,-4.0
06001432502,06001410100,47.0,43.0,-4.0
06001432502,06001410200,46.0,42.0,-4.0
06001432502,06001410300,46.0,50.0,4.0
06001432502,06001410400,45.0,47.0,2.0
06001432502,06001410500,55.0,59.0,4.0
06001432502,06001420100,77.0,88.0,11.0
06001432502,06001420200,76.0,84.0,8.0
06001432502,06001420301,85.0,90.0,5.0
06001432502,06001420302,106.0,112.0,6.0
06001432502,06001420401,77.0,82.0,5.0
06001432502,06001420402,112.0,119.0,7.0
06001432502,06001420500,79.0,85.0,6.0
06001432502,06001420600,77.0,92.0,15.0
06001432502,06001421100,85.0,99.0,14.0
06001432502,06001421200,81.0,80.0,-1.0
06001432502,06001421300,68.0,80.0,12.0
06001432502,06001421400,66.0,74.0,8.0
06001432502,06001421500,84.0,99.0,15.0
06001432502,06001421600,84.0,93.0,9.0
06001432502,06001421700,61.0,68.0,7.0
06001432502,06001421800,71.0,80.0,9.0
06001432502,06001421900,76.0,84.0,8.0
06001432502,06001422000,71.0,100.0,29.0
06001432502,06001422100,74.0,84.0,10.0
06001432502,06001422200,65.0,74.0,9.0
06001432502,06001422300,63.0,72.0,9.0
06001432502,06001422400,61.0,69.0,8.0
06001432502,06001422500,70.0,82.0,12.0
06001432502,06001422700,75.0,81.0,6.0
06001432502,06001422800,66.0,73.0,7.0
06001432502,06001422901,59.0,68.0,9.0
06001432502,06001422902,56.0,65.0,9.0
06001432502,06001423000,68.0,77.0,9.0
06001432502,06001423100,71.0,79.0,8.0
06001432502,06001423200,73.0,80.0,7.0
06001432502,06001423300,71.0,78.0,7.0
06001432502,06001423400,68.0,76.0,8.0
06001432502,06001423500,61.0,70.0,9.0
06001432502,06001423601,69.0,79.0,10.0
06001432502,06001423602,66.0,80.0,14.0
06001432502,06001423700,78.0,82.0,4.0
06001432502,06001423800,81.0,88.0,7.0
06001432502,06001423901,55.0,64.0,9.0
06001432502,06001423902,71.0,80.0,9.0
06001432502,06001424001,59.0,68.0,9.0
06001432502,06001424002,66.0,78.0,12.0
06001432502,06001425101,93.0,92.0,-1.0
06001432502,06001425102,75.0,74.0,-1.0
06001432502,06001425103,71.0,80.0,9.0
06001432502,06001425104,63.0,67.0,4.0
06001432502,06001426100,75.0,91.0,16.0
06001432502,06001426200,59.0,75.0,16.0
06001432502,06001427100,54.0,58.0,4.0
06001432502,06001427200,66.0,67.0,1.0
06001432502,06001427300,74.0,74.0,0.0
06001432502,06001427600,68.0,69.0,1.0
06001432502,06001427700,82.0,81.0,-1.0
06001432502,06001427800,62.0,62.0,0.0
06001432502,06001427900,57.0,58.0,1.0
06001432502,06001428000,52.0,55.0,3.0
06001432502,06001428100,56.0,60.0,4.0
06001432502,06001428200,62.0,73.0,11.0
06001432502,06001428301,74.0,120.0,46.0
06001432502,06001428302,63.0,120.0,57.0
06001432502,06001428400,76.0,79.0,3.0
06001432502,06001428500,76.0,72.0,-4.0
06001432502,06001428600,76.0,77.0,1.0
06001432502,06001428700,104.0,120.0,16.0
06001432502,06001430101,120.0,120.0,0.0
06001432502,06001430102,120.0,120.0,0.0
06001432502,06001430200,120.0,120.0,0.0
06001432502,06001430300,85.0,81.0,-4.0
06001432502,06001430400,120.0,120.0,0.0
06001432502,06001430500,68.0,76.0,8.0
06001432502,06001430600,65.0,84.0,19.0
06001432502,06001430700,77.0,67.0,-10.0
06001432502,06001430800,58.0,58.0,0.0
06001432502,06001430900,68.0,65.0,-3.0
06001432502,06001431000,52.0,49.0,-3.0
06001432502,06001431100,60.0,63.0,3.0
06001432502,06001431200,68.0,53.0,-15.0
06001432502,06001432100,42.0,38.0,-4.0
06001432502,06001432200,40.0,40.0,0.0
06001432502,06001432300,38.0,35.0,-3.0
06001432502,06001432400,35.0,39.0,4.0
06001432502,06001432501,22.0,22.0,0.0
06001432502,06001432502,0.0,0.0,0.0
06001432502,06001432601,27.0,23.0,-4.0
06001432502,06001432602,31.0,27.0,-4.0
06001432502,06001432700,35.0,31.0,-4.0
06001432502,06001432800,64.0,60.0,-4.0
06001432502,06001433000,41.0,50.0,9.0
06001432502,06001433102,47.0,45.0,-2.0
06001432502,06001433103,40.0,49.0,9.0
06001432502,06001433104,40.0,45.0,5.0
06001432502,06001433200,47.0,58.0,11.0
06001432502,06001433300,41.0,58.0,17.0
06001432502,06001433400,67.0,71.0,4.0
06001432502,06001433500,41.0,44.0,3.0
06001432502,06001433600,42.0,45.0,3.0
06001432502,06001433700,58.0,62.0,4.0
06001432502,06001433801,44.0,47.0,3.0
06001432502,06001433802,42.0,37.0,-5.0
06001432502,06001433900,54.0,58.0,4.0
06001432502,06001434000,47.0,53.0,6.0
06001432502,06001435102,106.0,88.0,-18.0
06001432502,06001435103,120.0,120.0,0.0
06001432502,06001435104,120.0,120.0,0.0
06001432502,06001435200,70.0,78.0,8.0
06001432502,06001435300,54.0,63.0,9.0
06001432502,06001435400,48.0,43.0,-5.0
06001432502,06001435500,54.0,56.0,2.0
06001432502,06001435601,60.0,62.0,2.0
06001432502,06001435602,64.0,68.0,4.0
06001432502,06001435700,65.0,64.0,-1.0
06001432502,06001435800,55.0,53.0,-2.0
06001432502,06001435900,57.0,60.0,3.0
06001432502,06001436000,71.0,72.0,1.0
06001432502,06001436100,55.0,52.0,-3.0
06001432502,06001436200,65.0,65.0,0.0
06001432502,06001436301,51.0,46.0,-5.0
06001432502,06001436302,43.0,45.0,2.0
06001432502,06001436402,120.0,120.0,0.0
06001432502,06001436403,59.0,59.0,0.0
06001432502,06001436404,75.0,85.0,10.0
06001432502,06001436500,56.0,56.0,0.0
06001432502,06001436601,56.0,58.0,2.0
06001432502,06001436602,66.0,71.0,5.0
06001432502,06001436700,54.0,59.0,5.0
06001432502,06001436800,56.0,58.0,2.0
06001432502,06001436900,65.0,60.0,-5.0
06001432502,06001437000,70.0,68.0,-2.0
06001432502,06001437101,98.0,120.0,22.0
06001432502,06001437102,69.0,67.0,-2.0
06001432502,06001437200,75.0,73.0,-2.0
06001432502,06001437300,72.0,70.0,-2.0
06001432502,06001437400,68.0,109.0,41.0
06001432502,06001437500,56.0,104.0,48.0
06001432502,06001437600,65.0,86.0,21.0
06001432502,06001437701,71.0,65.0,-6.0
06001432502,06001437702,59.0,88.0,29.0
06001432502,06001437800,64.0,63.0,-1.0
06001432502,06001437900,56.0,55.0,-1.0
06001432502,06001438000,76.0,75.0,-1.0
06001432502,06001438100,72.0,71.0,-1.0
06001432502,06001438201,84.0,86.0,2.0
06001432502,06001438203,78.0,120.0,42.0
06001432502,06001438204,71.0,68.0,-3.0
06001432502,06001438300,76.0,74.0,-2.0
06001432502,06001438400,80.0,77.0,-3.0
06001432502,06001440100,120.0,120.0,0.0
06001432502,06001440200,68.0,65.0,-3.0
06001432502,06001440301,73.0,69.0,-4.0
06001432502,06001440304,82.0,75.0,-7.0
06001432502,06001440305,97.0,90.0,-7.0
06001432502,06001440306,80.0,74.0,-6.0
06001432502,06001440307,66.0,62.0,-4.0
06001432502,06001440308,55.0,52.0,-3.0
06001432502,06001440331,78.0,71.0,-7.0
06001432502,06001440332,95.0,88.0,-7.0
06001432502,06001440333,82.0,78.0,-4.0
06001432502,06001440334,76.0,70.0,-6.0
06001432502,06001440336,68.0,63.0,-5.0
06001432502,06001440337,72.0,71.0,-1.0
06001432502,06001440338,67.0,62.0,-5.0
06001432502,06001441100,120.0,120.0,0.0
06001432502,06001441200,97.0,120.0,23.0
06001432502,06001441301,117.0,120.0,3.0
06001432502,06001441302,84.0,70.0,-14.0
06001432502,06001441401,72.0,68.0,-4.0
06001432502,06001441402,80.0,83.0,3.0
06001432502,06001441501,103.0,120.0,17.0
06001432502,06001441503,120.0,118.0,-2.0
06001432502,06001441521,90.0,120.0,30.0
06001432502,06001441522,91.0,84.0,-7.0
06001432502,06001441523,85.0,120.0,35.0
06001432502,06001441524,95.0,120.0,25.0
06001432502,06001441525,120.0,120.0,0.0
06001432502,06001441601,78.0,69.0,-9.0
06001432502,06001441602,91.0,80.0,-11.0
06001432502,06001441701,97.0,95.0,-2.0
06001432502,06001441702,72.0,66.0,-6.0
06001432502,06001441800,79.0,74.0,-5.0
06001432502,06001441921,75.0,92.0,17.0
06001432502,06001441923,71.0,66.0,-5.0
06001432502,06001441924,83.0,78.0,-5.0
06001432502,06001441926,78.0,80.0,2.0
06001432502,06001441927,74.0,76.0,2.0
06001432502,06001441928,82.0,77.0,-5.0
06001432502,06001441929,72.0,67.0,-5.0
06001432502,06001442000,114.0,120.0,6.0
06001432502,06001442100,103.0,120.0,17.0
06001432502,06001442200,106.0,120.0,14.0
06001432502,06001442301,88.0,111.0,23.0
06001432502,06001442302,83.0,110.0,27.0
06001432502,06001442400,86.0,109.0,23.0
06001432502,06001442501,92.0,94.0,2.0
06001432502,06001442502,81.0,81.0,0.0
06001432502,06001442601,82.0,82.0,0.0
06001432502,06001442602,85.0,86.0,1.0
06001432502,06001442700,95.0,92.0,-3.0
06001432502,06001442800,99.0,96.0,-3.0
06001432502,06001442900,92.0,112.0,20.0
06001432502,06001443001,98.0,115.0,17.0
06001432502,06001443002,93.0,107.0,14.0
06001432502,06001443102,82.0,76.0,-6.0
06001432502,06001443103,120.0,120.0,0.0
06001432502,06001443104,101.0,120.0,19.0
06001432502,06001443105,120.0,120.0,0.0
06001432502,06001443200,120.0,120.0,0.0
06001432502,06001443301,90.0,88.0,-2.0
06001432502,06001443321,85.0,84.0,-1.0
06001432502,06001443322,87.0,86.0,-1.0
06001432502,06001444100,89.0,90.0,1.0
06001432502,06001444200,81.0,82.0,1.0
06001432502,06001444301,103.0,104.0,1.0
06001432502,06001444303,120.0,120.0,0.0
06001432502,06001444304,113.0,111.0,-2.0
06001432502,06001444400,82.0,82.0,0.0
06001432502,06001444500,84.0,84.0,0.0
06001432502,06001444601,105.0,99.0,-6.0
06001432502,06001444602,120.0,120.0,0.0
06001432502,06001450101,85.0,80.0,-5.0
06001432502,06001450102,120.0,120.0,0.0
06001432502,06001450200,120.0,120.0,0.0
06001432502,06001450300,120.0,120.0,0.0
06001432502,06001450400,82.0,78.0,-4.0
06001432502,06001450501,120.0,120.0,0.0
06001432502,06001450502,120.0,120.0,0.0
06001432502,06001450601,120.0,120.0,0.0
06001432502,06001450603,120.0,120.0,0.0
06001432502,06001450604,120.0,120.0,0.0
06001432502,06001450605,120.0,120.0,0.0
06001432502,06001450606,120.0,120.0,0.0
06001432502,06001450607,120.0,120.0,0.0
06001432502,06001450608,120.0,120.0,0.0
06001432502,06001450609,78.0,74.0,-4.0
06001432502,06001450701,120.0,120.0,0.0
06001432502,06001450741,120.0,120.0,0.0
06001432502,06001450742,120.0,120.0,0.0
06001432502,06001450743,80.0,78.0,-2.0
06001432502,06001450744,120.0,120.0,0.0
06001432502,06001450745,120.0,120.0,0.0
06001432502,06001450746,120.0,120.0,0.0
06001432502,06001450750,120.0,120.0,0.0
06001432502,06001450751,120.0,120.0,0.0
06001432502,06001450752,120.0,120.0,0.0
06001432502,06001451102,120.0,120.0,0.0
06001432502,06001451103,120.0,120.0,0.0
06001432502,06001451104,120.0,120.0,0.0
06001432502,06001451201,120.0,120.0,0.0
06001432502,06001451202,120.0,120.0,0.0
06001432502,06001451300,120.0,120.0,0.0
06001432502,06001451401,120.0,120.0,0.0
06001432502,06001451403,120.0,120.0,0.0
06001432502,06001451404,120.0,120.0,0.0
06001432502,06001451501,120.0,120.0,0.0
06001432502,06001451503,120.0,120.0,0.0
06001432502,06001451504,120.0,120.0,0.0
06001432502,06001451505,120.0,120.0,0.0
06001432502,06001451506,120.0,120.0,0.0
06001432502,06001451601,120.0,120.0,0.0
06001432502,06001451602,120.0,120.0,0.0
06001432502,06001451701,120.0,120.0,0.0
06001432502,06001451703,120.0,120.0,0.0
06001432502,06001451704,120.0,120.0,0.0
06001432502,06001981900,120.0,120.0,0.0
06001432502,06001982000,75.0,69.0,-6.0
06001432502,06001982100,71.0,83.0,12.0
06001432502,06001983200,51.0,54.0,3.0
06001432502,06001990000,120.0,120.0,0.0
06001435700,06001400100,120.0,120.0,0.0
06001435700,06001400200,87.0,87.0,0.0
06001435700,06001400300,87.0,89.0,2.0
06001435700,06001400400,90.0,95.0,5.0
06001435700,06001400500,82.0,94.0,12.0
06001435700,06001400600,80.0,94.0,14.0
06001435700,06001400700,82.0,92.0,10.0
06001435700,06001400800,82.0,102.0,20.0
06001435700,06001400900,82.0,99.0,17.0
06001435700,06001401000,75.0,82.0,7.0
06001435700,06001401100,72.0,81.0,9.0
06001435700,06001401200,78.0,91.0,13.0
06001435700,06001401300,77.0,86.0,9.0
06001435700,06001401400,76.0,92.0,16.0
06001435700,06001401500,77.0,96.0,19.0
06001435700,06001401600,78.0,93.0,15.0
06001435700,06001401700,118.0,120.0,2.0
06001435700,06001401800,66.0,71.0,5.0
06001435700,06001402200,60.0,63.0,3.0
06001435700,06001402400,78.0,89.0,11.0
06001435700,06001402500,75.0,78.0,3.0
06001435700,06001402600,73.0,81.0,8.0
06001435700,06001402700,74.0,84.0,10.0
06001435700,06001402801,66.0,76.0,10.0
06001435700,06001402802,67.0,77.0,10.0
06001435700,06001402900,65.0,74.0,9.0
06001435700,06001403000,63.0,66.0,3.0
06001435700,06001403100,66.0,74.0,8.0
06001435700,06001403301,55.0,58.0,3.0
06001435700,06001403302,61.0,64.0,3.0
06001435700,06001403401,83.0,89.0,6.0
06001435700,06001403402,63.0,66.0,3.0
06001435700,06001403501,76.0,93.0,17.0
06001435700,06001403502,72.0,91.0,19.0
06001435700,06001403600,83.0,90.0,7.0
06001435700,06001403701,75.0,86.0,11.0
06001435700,06001403702,84.0,88.0,4.0
06001435700,06001403800,93.0,97.0,4.0
06001435700,06001403900,83.0,94.0,11.0
06001435700,06001404000,80.0,100.0,20.0
06001435700,06001404101,86.0,100.0,14.0
06001435700,06001404102,83.0,101.0,18.0
06001435700,06001404200,120.0,120.0,0.0
06001435700,06001404300,100.0,100.0,0.0
06001435700,06001404400,120.0,120.0,0.0
06001435700,06001404501,103.0,109.0,6.0
06001435700,06001404502,117.0,120.0,3.0
06001435700,06001404600,105.0,120.0,15.0
06001435700,06001404700,92.0,112.0,20.0
06001435700,06001404800,83.0,86.0,3.0
06001435700,06001404900,80.0,86.0,6.0
06001435700,06001405000,89.0,98.0,9.0
06001435700,06001405100,95.0,104.0,9.0
06001435700,06001405200,77.0,86.0,9.0
06001435700,06001405301,74.0,79.0,5.0
06001435700,06001405302,64.0,71.0,7.0
06001435700,06001405401,64.0,73.0,9.0
06001435700,06001405402,67.0,70.0,3.0
06001435700,06001405500,63.0,72.0,9.0
06001435700,06001405600,70.0,78.0,8.0
06001435700,06001405700,69.0,77.0,8.0
06001435700,06001405800,76.0,82.0,6.0
06001435700,06001405901,72.0,69.0,-3.0
06001435700,06001405902,71.0,73.0,2.0
06001435700,06001406000,80.0,88.0,8.0
06001435700,06001406100,54.0,57.0,3.0
06001435700,06001406201,71.0,67.0,-4.0
06001435700,06001406202,64.0,65.0,1.0
06001435700,06001406300,70.0,72.0,2.0
06001435700,06001406400,77.0,78.0,1.0
06001435700,06001406500,67.0,75.0,8.0
06001435700,06001406601,70.0,71.0,1.0
06001435700,06001406602,73.0,72.0,-1.0
06001435700,06001406700,84.0,90.0,6.0
06001435700,06001406800,70.0,79.0,9.0
06001435700,06001406900,83.0,80.0,-3.0
06001435700,06001407000,72.0,72.0,0.0
06001435700,06001407101,64.0,73.0,9.0
06001435700,06001407102,74.0,69.0,-5.0
06001435700,06001407200,58.0,61.0,3.0
06001435700,06001407300,73.0,73.0,0.0
06001435700,06001407400,63.0,72.0,9.0
06001435700,06001407500,69.0,74.0,5.0
06001435700,06001407600,76.0,73.0,-3.0
06001435700,06001407700,78.0,82.0,4.0
06001435700,06001407800,77.0,77.0,0.0
06001435700,06001407900,87.0,86.0,-1.0
06001435700,06001408000,95.0,116.0,21.0
06001435700,06001408100,94.0,104.0,10.0
06001435700,06001408200,81.0,83.0,2.0
06001435700,06001408300,86.0,87.0,1.0
06001435700,06001408400,71.0,75.0,4.0
06001435700,06001408500,70.0,70.0,0.0
06001435700,06001408600,74.0,71.0,-3.0
06001435700,06001408700,74.0,78.0,4.0
06001435700,06001408800,58.0,61.0,3.0
06001435700,06001408900,58.0,61.0,3.0
06001435700,06001409000,87.0,93.0,6.0
06001435700,06001409100,66.0,70.0,4.0
06001435700,06001409200,65.0,84.0,19.0
06001435700,06001409300,69.0,63.0,-6.0
06001435700,06001409400,68.0,71.0,3.0
06001435700,06001409500,54.0,67.0,13.0
06001435700,06001409600,63.0,63.0,0.0
06001435700,06001409700,65.0,75.0,10.0
06001435700,06001409800,70.0,91.0,21.0
06001435700,06001409900,120.0,120.0,0.0
06001435700,06001410000,90.0,95.0,5.0
06001435700,06001410100,73.0,78.0,5.0
06001435700,06001410200,68.0,74.0,6.0
06001435700,06001410300,70.0,63.0,-7.0
06001435700,06001410400,68.0,63.0,-5.0
06001435700,06001410500,72.0,76.0,4.0
06001435700,06001420100,99.0,108.0,9.0
06001435700,06001420200,95.0,99.0,4.0
06001435700,06001420301,101.0,105.0,4.0
06001435700,06001420302,120.0,120.0,0.0
06001435700,06001420401,93.0,100.0,7.0
06001435700,06001420402,120.0,120.0,0.0
06001435700,06001420500,96.0,100.0,4.0
06001435700,06001420600,99.0,110.0,11.0
06001435700,06001421100,112.0,120.0,8.0
06001435700,06001421200,102.0,120.0,18.0
06001435700,06001421300,89.0,104.0,15.0
06001435700,06001421400,87.0,110.0,23.0
06001435700,06001421500,111.0,120.0,9.0
06001435700,06001421600,104.0,120.0,16.0
06001435700,06001421700,80.0,102.0,22.0
06001435700,06001421800,91.0,100.0,9.0
06001435700,06001421900,95.0,105.0,10.0
06001435700,06001422000,95.0,120.0,25.0
06001435700,06001422100,94.0,104.0,10.0
06001435700,06001422200,85.0,94.0,9.0
06001435700,06001422300,83.0,92.0,9.0
06001435700,06001422400,81.0,90.0,9.0
06001435700,06001422500,88.0,102.0,14.0
06001435700,06001422700,88.0,98.0,10.0
06001435700,06001422800,80.0,93.0,13.0
06001435700,06001422901,78.0,86.0,8.0
06001435700,06001422902,76.0,85.0,9.0
06001435700,06001423000,88.0,97.0,9.0
06001435700,06001423100,92.0,101.0,9.0
06001435700,06001423200,92.0,103.0,11.0
06001435700,06001423300,90.0,102.0,12.0
06001435700,06001423400,88.0,97.0,9.0
06001435700,06001423500,81.0,90.0,9.0
06001435700,06001423601,91.0,99.0,8.0
06001435700,06001423602,87.0,99.0,12.0
06001435700,06001423700,89.0,96.0,7.0
06001435700,06001423800,96.0,95.0,-1.0
06001435700,06001423901,75.0,84.0,9.0
06001435700,06001423902,89.0,100.0,11.0
06001435700,06001424001,79.0,88.0,9.0
06001435700,06001424002,87.0,97.0,10.0
06001435700,06001425101,101.0,112.0,11.0
06001435700,06001425102,83.0,94.0,11.0
06001435700,06001425103,80.0,102.0,22.0
06001435700,06001425104,77.0,87.0,10.0
06001435700,06001426100,95.0,120.0,25.0
06001435700,06001426200,79.0,105.0,26.0
06001435700,06001427100,69.0,75.0,6.0
06001435700,06001427200,82.0,84.0,2.0
06001435700,06001427300,90.0,91.0,1.0
06001435700,06001427600,87.0,86.0,-1.0
06001435700,06001427700,98.0,98.0,0.0
06001435700,06001427800,78.0,79.0,1.0
06001435700,06001427900,73.0,75.0,2.0
06001435700,06001428000,68.0,72.0,4.0
06001435700,06001428100,72.0,77.0,5.0
06001435700,06001428200,79.0,90.0,11.0
06001435700,06001428301,104.0,120.0,16.0
06001435700,06001428302,93.0,120.0,27.0
06001435700,06001428400,90.0,99.0,9.0
06001435700,06001428500,81.0,92.0,11.0
06001435700,06001428600,90.0,94.0,4.0
06001435700,06001428700,104.0,120.0,16.0
06001435700,06001430101,120.0,120.0,0.0
06001435700,06001430102,120.0,120.0,0.0
06001435700,06001430200,120.0,120.0,0.0
06001435700,06001430300,89.0,120.0,31.0
06001435700,06001430400,121.0,121.0,0.0
06001435700,06001430500,69.0,75.0,6.0
06001435700,06001430600,65.0,81.0,16.0
06001435700,06001430700,81.0,99.0,18.0
06001435700,06001430800,62.0,88.0,26.0
06001435700,06001430900,72.0,82.0,10.0
06001435700,06001431000,56.0,68.0,12.0
06001435700,06001431100,64.0,82.0,18.0
06001435700,06001431200,65.0,65.0,0.0
06001435700,06001432100,69.0,73.0,4.0
06001435700,06001432200,64.0,59.0,-5.0
06001435700,06001432300,59.0,58.0,-1.0
06001435700,06001432400,65.0,73.0,8.0
06001435700,06001432501,60.0,64.0,4.0
06001435700,06001432502,58.0,61.0,3.0
06001435700,06001432601,45.0,48.0,3.0
06001435700,06001432602,53.0,59.0,6.0
06001435700,06001432700,62.0,67.0,5.0
06001435700,06001432800,91.0,96.0,5.0
06001435700,06001433000,56.0,62.0,6.0
06001435700,06001433102,46.0,44.0,-2.0
06001435700,06001433103,53.0,59.0,6.0
06001435700,06001433104,58.0,64.0,6.0
06001435700,06001433200,50.0,56.0,6.0
06001435700,06001433300,63.0,40.0,-23.0
06001435700,06001433400,90.0,102.0,12.0
06001435700,06001433500,47.0,54.0,7.0
06001435700,06001433600,39.0,45.0,6.0
06001435700,06001433700,31.0,31.0,0.0
06001435700,06001433801,48.0,51.0,3.0
06001435700,06001433802,41.0,40.0,-1.0
06001435700,06001433900,54.0,57.0,3.0
06001435700,06001434000,45.0,50.0,5.0
06001435700,06001435102,106.0,85.0,-21.0
06001435700,06001435103,120.0,120.0,0.0
06001435700,06001435104,120.0,120.0,0.0
06001435700,06001435200,52.0,119.0,67.0
06001435700,06001435300,58.0,84.0,26.0
06001435700,06001435400,39.0,43.0,4.0
06001435700,06001435500,42.0,42.0,0.0
06001435700,06001435601,28.0,28.0,0.0
06001435700,06001435602,30.0,30.0,0.0
06001435700,06001435700,0.0,0.0,0.0
06001435700,06001435800,28.0,28.0,0.0
06001435700,06001435900,40.0,35.0,-5.0
06001435700,06001436000,37.0,35.0,-2.0
06001435700,06001436100,22.0,22.0,0.0
06001435700,06001436200,34.0,34.0,0.0
06001435700,06001436301,30.0,34.0,4.0
06001435700,06001436302,37.0,42.0,5.0
06001435700,06001436402,120.0,120.0,0.0
06001435700,06001436403,56.0,56.0,0.0
06001435700,06001436404,66.0,82.0,16.0
06001435700,06001436500,60.0,53.0,-7.0
06001435700,06001436601,58.0,55.0,-3.0
06001435700,06001436602,53.0,68.0,15.0
06001435700,06001436700,41.0,44.0,3.0
06001435700,06001436800,49.0,54.0,5.0
06001435700,06001436900,43.0,39.0,-4.0
06001435700,06001437000,53.0,47.0,-6.0
06001435700,06001437101,96.0,120.0,24.0
06001435700,06001437102,52.0,46.0,-6.0
06001435700,06001437200,58.0,52.0,-6.0
06001435700,06001437300,55.0,49.0,-6.0
06001435700,06001437400,51.0,89.0,38.0
06001435700,06001437500,60.0,95.0,35.0
06001435700,06001437600,52.0,74.0,22.0
06001435700,06001437701,61.0,79.0,18.0
06001435700,06001437702,62.0,86.0,24.0
06001435700,06001437800,68.0,60.0,-8.0
06001435700,06001437900,60.0,52.0,-8.0
06001435700,06001438000,76.0,72.0,-4.0
06001435700,06001438100,72.0,68.0,-4.0
06001435700,06001438201,57.0,86.0,29.0
06001435700,06001438203,73.0,120.0,47.0
06001435700,06001438204,66.0,83.0,17.0
06001435700,06001438300,59.0,53.0,-6.0
06001435700,06001438400,64.0,56.0,-8.0
06001435700,06001440100,120.0,120.0,0.0
06001435700,06001440200,72.0,74.0,2.0
06001435700,06001440301,77.0,76.0,-1.0
06001435700,06001440304,71.0,62.0,-9.0
06001435700,06001440305,88.0,79.0,-9.0
06001435700,06001440306,75.0,65.0,-10.0
06001435700,06001440307,69.0,67.0,-2.0
06001435700,06001440308,59.0,64.0,5.0
06001435700,06001440331,64.0,55.0,-9.0
06001435700,06001440332,83.0,74.0,-9.0
06001435700,06001440333,67.0,58.0,-9.0
06001435700,06001440334,72.0,63.0,-9.0
06001435700,06001440336,72.0,80.0,8.0
06001435700,06001440337,76.0,81.0,5.0
06001435700,06001440338,71.0,79.0,8.0
06001435700,06001441100,120.0,120.0,0.0
06001435700,06001441200,97.0,120.0,23.0
06001435700,06001441301,120.0,120.0,0.0
06001435700,06001441302,88.0,97.0,9.0
06001435700,06001441401,75.0,95.0,20.0
06001435700,06001441402,80.0,110.0,30.0
06001435700,06001441501,103.0,120.0,17.0
06001435700,06001441503,120.0,120.0,0.0
06001435700,06001441521,90.0,120.0,30.0
06001435700,06001441522,85.0,75.0,-10.0
06001435700,06001441523,85.0,120.0,35.0
06001435700,06001441524,95.0,120.0,25.0
06001435700,06001441525,120.0,120.0,0.0
06001435700,06001441601,82.0,96.0,14.0
06001435700,06001441602,95.0,107.0,12.0
06001435700,06001441701,101.0,113.0,12.0
06001435700,06001441702,76.0,93.0,17.0
06001435700,06001441800,83.0,88.0,5.0
06001435700,06001441921,75.0,110.0,35.0
06001435700,06001441923,75.0,77.0,2.0
06001435700,06001441924,87.0,95.0,8.0
06001435700,06001441926,82.0,99.0,17.0
06001435700,06001441927,78.0,93.0,15.0
06001435700,06001441928,85.0,94.0,9.0
06001435700,06001441929,76.0,84.0,8.0
06001435700,06001442000,114.0,120.0,6.0
06001435700,06001442100,103.0,120.0,17.0
06001435700,06001442200,106.0,120.0,14.0
06001435700,06001442301,88.0,111.0,23.0
06001435700,06001442302,83.0,110.0,27.0
06001435700,06001442400,86.0,109.0,23.0
06001435700,06001442501,96.0,101.0,5.0
06001435700,06001442502,83.0,83.0,0.0
06001435700,06001442601,83.0,83.0,0.0
06001435700,06001442602,89.0,96.0,7.0
06001435700,06001442700,95.0,92.0,-3.0
06001435700,06001442800,99.0,96.0,-3.0
06001435700,06001442900,92.0,112.0,20.0
06001435700,06001443001,98.0,115.0,17.0
06001435700,06001443002,93.0,107.0,14.0
06001435700,06001443102,85.0,93.0,8.0
06001435700,06001443103,120.0,120.0,0.0
06001435700,06001443104,101.0,120.0,19.0
06001435700,06001443105,120.0,120.0,0.0
06001435700,06001443200,120.0,120.0,0.0
06001435700,06001443301,94.0,120.0,26.0
06001435700,06001443321,89.0,120.0,31.0
06001435700,06001443322,91.0,120.0,29.0
06001435700,06001444100,89.0,117.0,28.0
06001435700,06001444200,85.0,109.0,24.0
06001435700,06001444301,107.0,120.0,13.0
06001435700,06001444303,120.0,120.0,0.0
06001435700,06001444304,117.0,117.0,0.0
06001435700,06001444400,86.0,109.0,23.0
06001435700,06001444500,88.0,109.0,21.0
06001435700,06001444601,105.0,100.0,-5.0
06001435700,06001444602,120.0,120.0,0.0
06001435700,06001450101,89.0,99.0,10.0
06001435700,06001450102,120.0,120.0,0.0
06001435700,06001450200,120.0,120.0,0.0
06001435700,06001450300,120.0,120.0,0.0
06001435700,06001450400,86.0,97.0,11.0
06001435700,06001450501,120.0,120.0,0.0
06001435700,06001450502,120.0,120.0,0.0
06001435700,06001450601,120.0,120.0,0.0
06001435700,06001450603,120.0,120.0,0.0
06001435700,06001450604,120.0,120.0,0.0
06001435700,06001450605,120.0,120.0,0.0
06001435700,06001450606,120.0,120.0,0.0
06001435700,06001450607,120.0,120.0,0.0
06001435700,06001450608,120.0,120.0,0.0
06001435700,06001450609,82.0,93.0,11.0
06001435700,06001450701,120.0,120.0,0.0
06001435700,06001450741,120.0,120.0,0.0
06001435700,06001450742,120.0,120.0,0.0
06001435700,06001450743,84.0,97.0,13.0
06001435700,06001450744,120.0,120.0,0.0
06001435700,06001450745,120.0,120.0,0.0
06001435700,06001450746,120.0,120.0,0.0
06001435700,06001450750,120.0,120.0,0.0
06001435700,06001450751,120.0,120.0,0.0
06001435700,06001450752,120.0,120.0,0.0
06001435700,06001451102,120.0,120.0,0.0
06001435700,06001451103,120.0,120.0,0.0
06001435700,06001451104,120.0,120.0,0.0
06001435700,06001451201,120.0,120.0,0.0
06001435700,06001451202,120.0,120.0,0.0
06001435700,06001451300,120.0,120.0,0.0
06001435700,06001451401,120.0,120.0,0.0
06001435700,06001451403,120.0,120.0,0.0
06001435700,06001451404,120.0,120.0,0.0
06001435700,06001451501,120.0,120.0,0.0
06001435700,06001451503,120.0,120.0,0.0
06001435700,06001451504,120.0,120.0,0.0
06001435700,06001451505,120.0,120.0,0.0
06001435700,06001451506,120.0,120.0,0.0
06001435700,06001451601,120.0,120.0,0.0
06001435700,06001451602,120.0,120.0,0.0
06001435700,06001451701,120.0,120.0,0.0
06001435700,06001451703,120.0,120.0,0.0
06001435700,06001451704,120.0,120.0,0.0
06001435700,06001981900,120.0,120.0,0.0
06001435700,06001982000,85.0,88.0,3.0
06001435700,06001982100,89.0,104.0,15.0
06001435700,06001983200,72.0,78.0,6.0
06001435700,06001990000,120.0,120.0,0.0
06001437701,06001400100,120.0,120.0,0.0
06001437701,06001400200,87.0,83.0,-4.0
06001437701,06001400300,87.0,82.0,-5.0
06001437701,06001400400,90.0,82.0,-8.0
06001437701,06001400500,82.0,73.0,-9.0
06001437701,06001400600,80.0,69.0,-11.0
06001437701,06001400700,82.0,75.0,-7.0
06001437701,06001400800,81.0,72.0,-9.0
06001437701,06001400900,81.0,72.0,-9.0
06001437701,06001401000,75.0,62.0,-13.0
06001437701,06001401100,72.0,61.0,-11.0
06001437701,06001401200,78.0,71.0,-7.0
06001437701,06001401300,76.0,66.0,-10.0
06001437701,06001401400,75.0,66.0,-9.0
06001437701,06001401500,76.0,69.0,-7.0
06001437701,06001401600,77.0,72.0,-5.0
06001437701,06001401700,117.0,120.0,3.0
06001437701,06001401800,65.0,71.0,6.0
06001437701,06001402200,59.0,63.0,4.0
06001437701,06001402400,77.0,69.0,-8.0
06001437701,06001402500,74.0,69.0,-5.0
06001437701,06001402600,73.0,66.0,-7.0
06001437701,06001402700,73.0,64.0,-9.0
06001437701,06001402801,65.0,56.0,-9.0
06001437701,06001402802,66.0,57.0,-9.0
06001437701,06001402900,65.0,54.0,-11.0
06001437701,06001403000,62.0,57.0,-5.0
06001437701,06001403100,66.0,57.0,-9.0
06001437701,06001403301,54.0,50.0,-4.0
06001437701,06001403302,60.0,56.0,-4.0
06001437701,06001403401,83.0,78.0,-5.0
06001437701,06001403402,62.0,58.0,-4.0
06001437701,06001403501,76.0,73.0,-3.0
06001437701,06001403502,72.0,69.0,-3.0
06001437701,06001403600,83.0,81.0,-2.0
06001437701,06001403701,75.0,71.0,-4.0
06001437701,06001403702,84.0,74.0,-10.0
06001437701,06001403800,93.0,82.0,-11.0
06001437701,06001403900,83.0,74.0,-9.0
06001437701,06001404000,80.0,80.0,0.0
06001437701,06001404101,86.0,81.0,-5.0
06001437701,06001404102,83.0,80.0,-3.0
06001437701,06001404200,120.0,111.0,-9.0
06001437701,06001404300,100.0,99.0,-1.0
06001437701,06001404400,120.0,120.0,0.0
06001437701,06001404501,103.0,109.0,6.0
06001437701,06001404502,117.0,120.0,3.0
06001437701,06001404600,104.0,120.0,16.0
06001437701,06001404700,91.0,112.0,21.0
06001437701,06001404800,82.0,73.0,-9.0
06001437701,06001404900,79.0,66.0,-13.0
06001437701,06001405000,89.0,77.0,-12.0
06001437701,06001405100,95.0,83.0,-12.0
06001437701,06001405200,76.0,73.0,-3.0
06001437701,06001405301,73.0,73.0,0.0
06001437701,06001405302,63.0,67.0,4.0
06001437701,06001405401,63.0,67.0,4.0
06001437701,06001405402,66.0,70.0,4.0
06001437701,06001405500,62.0,63.0,1.0
06001437701,06001405600,69.0,63.0,-6.0
06001437701,06001405700,68.0,58.0,-10.0
06001437701,06001405800,75.0,62.0,-13.0
06001437701,06001405901,71.0,56.0,-15.0
06001437701,06001405902,70.0,65.0,-5.0
06001437701,06001406000,79.0,88.0,9.0
06001437701,06001406100,53.0,49.0,-4.0
06001437701,06001406201,70.0,56.0,-14.0
06001437701,06001406202,63.0,55.0,-8.0
06001437701,06001406300,69.0,59.0,-10.0
06001437701,06001406400,76.0,64.0,-12.0
06001437701,06001406500,66.0,62.0,-4.0
06001437701,06001406601,69.0,71.0,2.0
06001437701,06001406602,72.0,62.0,-10.0
06001437701,06001406700,83.0,76.0,-7.0
06001437701,06001406800,69.0,76.0,7.0
06001437701,06001406900,82.0,80.0,-2.0
06001437701,06001407000,71.0,72.0,1.0
06001437701,06001407101,63.0,65.0,2.0
06001437701,06001407102,73.0,69.0,-4.0
06001437701,06001407200,57.0,53.0,-4.0
06001437701,06001407300,73.0,70.0,-3.0
06001437701,06001407400,62.0,58.0,-4.0
06001437701,06001407500,69.0,66.0,-3.0
06001437701,06001407600,75.0,71.0,-4.0
06001437701,06001407700,78.0,82.0,4.0
06001437701,06001407800,76.0,70.0,-6.0
06001437701,06001407900,87.0,82.0,-5.0
06001437701,06001408000,94.0,116.0,22.0
06001437701,06001408100,93.0,104.0,11.0
06001437701,06001408200,80.0,83.0,3.0
06001437701,06001408300,85.0,85.0,0.0
06001437701,06001408400,70.0,74.0,4.0
06001437701,06001408500,69.0,69.0,0.0
06001437701,06001408600,74.0,71.0,-3.0
06001437701,06001408700,74.0,73.0,-1.0
06001437701,06001408800,57.0,53.0,-4.0
06001437701,06001408900,57.0,53.0,-4.0
06001437701,06001409000,87.0,93.0,6.0
06001437701,06001409100,65.0,70.0,5.0
06001437701,06001409200,64.0,84.0,20.0
06001437701,06001409300,68.0,63.0,-5.0
06001437701,06001409400,67.0,61.0,-6.0
06001437701,06001409500,53.0,47.0,-6.0
06001437701,06001409600,62.0,55.0,-7.0
06001437701,06001409700,64.0,57.0,-7.0
06001437701,06001409800,69.0,81.0,12.0
06001437701,06001409900,120.0,120.0,0.0
06001437701,06001410000,89.0,95.0,6.0
06001437701,06001410100,72.0,64.0,-8.0
06001437701,06001410200,67.0,60.0,-7.0
06001437701,06001410300,69.0,62.0,-7.0
06001437701,06001410400,68.0,63.0,-5.0
06001437701,06001410500,71.0,63.0,-8.0
06001437701,06001420100,99.0,88.0,-11.0
06001437701,06001420200,95.0,84.0,-11.0
06001437701,06001420301,101.0,90.0,-11.0
06001437701,06001420302,120.0,112.0,-8.0
06001437701,06001420401,93.0,82.0,-11.0
06001437701,06001420402,120.0,119.0,-1.0
06001437701,06001420500,95.0,85.0,-10.0
06001437701,06001420600,99.0,92.0,-7.0
06001437701,06001421100,112.0,99.0,-13.0
06001437701,06001421200,102.0,80.0,-22.0
06001437701,06001421300,89.0,80.0,-9.0
06001437701,06001421400,87.0,74.0,-13.0
06001437701,06001421500,111.0,99.0,-12.0
06001437701,06001421600,104.0,93.0,-11.0
06001437701,06001421700,80.0,68.0,-12.0
06001437701,06001421800,91.0,80.0,-11.0
06001437701,06001421900,95.0,84.0,-11.0
06001437701,06001422000,95.0,100.0,5.0
06001437701,06001422100,94.0,84.0,-10.0
06001437701,06001422200,85.0,74.0,-11.0
06001437701,06001422300,83.0,72.0,-11.0
06001437701,06001422400,81.0,69.0,-12.0
06001437701,06001422500,88.0,82.0,-6.0
06001437701,06001422700,88.0,81.0,-7.0
06001437701,06001422800,80.0,73.0,-7.0
06001437701,06001422901,78.0,68.0,-10.0
06001437701,06001422902,76.0,65.0,-11.0
06001437701,06001423000,88.0,77.0,-11.0
06001437701,06001423100,92.0,79.0,-13.0
06001437701,06001423200,91.0,80.0,-11.0
06001437701,06001423300,89.0,78.0,-11.0
06001437701,06001423400,88.0,76.0,-12.0
06001437701,06001423500,81.0,70.0,-11.0
06001437701,06001423601,91.0,79.0,-12.0
06001437701,06001423602,87.0,80.0,-7.0
06001437701,06001423700,89.0,82.0,-7.0
06001437701,06001423800,96.0,92.0,-4.0
06001437701,06001423901,75.0,64.0,-11.0
06001437701,06001423902,89.0,80.0,-9.0
06001437701,06001424001,79.0,68.0,-11.0
06001437701,06001424002,86.0,78.0,-8.0
06001437701,06001425101,100.0,92.0,-8.0
06001437701,06001425102,82.0,74.0,-8.0
06001437701,06001425103,79.0,80.0,1.0
06001437701,06001425104,76.0,67.0,-9.0
06001437701,06001426100,95.0,91.0,-4.0
06001437701,06001426200,79.0,75.0,-4.0
06001437701,06001427100,68.0,70.0,2.0
06001437701,06001427200,81.0,80.0,-1.0
06001437701,06001427300,89.0,91.0,2.0
06001437701,06001427600,86.0,86.0,0.0
06001437701,06001427700,97.0,98.0,1.0
06001437701,06001427800,77.0,79.0,2.0
06001437701,06001427900,72.0,75.0,3.0
06001437701,06001428000,67.0,68.0,1.0
06001437701,06001428100,71.0,75.0,4.0
06001437701,06001428200,78.0,80.0,2.0
06001437701,06001428301,104.0,120.0,16.0
06001437701,06001428302,93.0,120.0,27.0
06001437701,06001428400,90.0,79.0,-11.0
06001437701,06001428500,81.0,72.0,-9.0
06001437701,06001428600,89.0,94.0,5.0
06001437701,06001428700,104.0,120.0,16.0
06001437701,06001430101,120.0,120.0,0.0
06001437701,06001430102,120.0,120.0,0.0
06001437701,06001430200,120.0,120.0,0.0
06001437701,06001430300,85.0,80.0,-5.0
06001437701,06001430400,120.0,120.0,0.0
06001437701,06001430500,68.0,68.0,0.0
06001437701,06001430600,65.0,73.0,8.0
06001437701,06001430700,77.0,66.0,-11.0
06001437701,06001430800,58.0,57.0,-1.0
06001437701,06001430900,70.0,64.0,-6.0
06001437701,06001431000,55.0,48.0,-7.0
06001437701,06001431100,60.0,56.0,-4.0
06001437701,06001431200,64.0,41.0,-23.0
06001437701,06001432100,68.0,73.0,5.0
06001437701,06001432200,63.0,59.0,-4.0
06001437701,06001432300,58.0,54.0,-4.0
06001437701,06001432400,73.0,76.0,3.0
06001437701,06001432501,62.0,58.0,-4.0
06001437701,06001432502,60.0,59.0,-1.0
06001437701,06001432601,44.0,40.0,-4.0
06001437701,06001432602,52.0,51.0,-1.0
06001437701,06001432700,61.0,64.0,3.0
06001437701,06001432800,90.0,96.0,6.0
06001437701,06001433000,55.0,62.0,7.0
06001437701,06001433102,50.0,47.0,-3.0
06001437701,06001433103,52.0,59.0,7.0
06001437701,06001433104,57.0,62.0,5.0
06001437701,06001433200,55.0,57.0,2.0
06001437701,06001433300,68.0,73.0,5.0
06001437701,06001433400,105.0,102.0,-3.0
06001437701,06001433500,78.0,60.0,-18.0
06001437701,06001433600,73.0,53.0,-20.0
06001437701,06001433700,59.0,55.0,-4.0
06001437701,06001433801,47.0,50.0,3.0
06001437701,06001433802,43.0,39.0,-4.0
06001437701,06001433900,57.0,50.0,-7.0
06001437701,06001434000,47.0,40.0,-7.0
06001437701,06001435102,99.0,85.0,-14.0
06001437701,06001435103,120.0,120.0,0.0
06001437701,06001435104,106.0,106.0,0.0
06001437701,06001435200,51.0,77.0,26.0
06001437701,06001435300,54.0,62.0,8.0
06001437701,06001435400,38.0,33.0,-5.0
06001437701,06001435500,43.0,37.0,-6.0
06001437701,06001435601,58.0,55.0,-3.0
06001437701,06001435602,57.0,51.0,-6.0
06001437701,06001435700,67.0,61.0,-6.0
06001437701,06001435800,64.0,52.0,-12.0
06001437701,06001435900,74.0,75.0,1.0
06001437701,06001436000,72.0,69.0,-3.0
06001437701,06001436100,57.0,48.0,-9.0
06001437701,06001436200,64.0,56.0,-8.0
06001437701,06001436301,43.0,39.0,-4.0
06001437701,06001436302,36.0,39.0,3.0
06001437701,06001436402,120.0,120.0,0.0
06001437701,06001436403,55.0,50.0,-5.0
06001437701,06001436404,65.0,82.0,17.0
06001437701,06001436500,44.0,48.0,4.0
06001437701,06001436601,51.0,53.0,2.0
06001437701,06001436602,57.0,52.0,-5.0
06001437701,06001436700,50.0,56.0,6.0
06001437701,06001436800,49.0,54.0,5.0
06001437701,06001436900,55.0,47.0,-8.0
06001437701,06001437000,53.0,46.0,-7.0
06001437701,06001437101,66.0,61.0,-5.0
06001437701,06001437102,25.0,21.0,-4.0
06001437701,06001437200,57.0,52.0,-5.0
06001437701,06001437300,35.0,32.0,-3.0
06001437701,06001437400,44.0,50.0,6.0
06001437701,06001437500,46.0,38.0,-8.0
06001437701,06001437600,29.0,26.0,-3.0
06001437701,06001437701,0.0,0.0,0.0
06001437701,06001437702,25.0,25.0,0.0
06001437701,06001437800,36.0,37.0,1.0
06001437701,06001437900,34.0,38.0,4.0
06001437701,06001438000,46.0,52.0,6.0
06001437701,06001438100,42.0,48.0,6.0
06001437701,06001438201,27.0,26.0,-1.0
06001437701,06001438203,53.0,42.0,-11.0
06001437701,06001438204,26.0,26.0,0.0
06001437701,06001438300,32.0,29.0,-3.0
06001437701,06001438400,50.0,53.0,3.0
06001437701,06001440100,120.0,120.0,0.0
06001437701,06001440200,49.0,54.0,5.0
06001437701,06001440301,61.0,65.0,4.0
06001437701,06001440304,57.0,62.0,5.0
06001437701,06001440305,74.0,79.0,5.0
06001437701,06001440306,61.0,65.0,4.0
06001437701,06001440307,54.0,59.0,5.0
06001437701,06001440308,43.0,49.0,6.0
06001437701,06001440331,50.0,55.0,5.0
06001437701,06001440332,69.0,74.0,5.0
06001437701,06001440333,53.0,53.0,0.0
06001437701,06001440334,58.0,59.0,1.0
06001437701,06001440336,51.0,60.0,9.0
06001437701,06001440337,56.0,61.0,5.0
06001437701,06001440338,50.0,59.0,9.0
06001437701,06001441100,120.0,120.0,0.0
06001437701,06001441200,68.0,120.0,52.0
06001437701,06001441301,71.0,120.0,49.0
06001437701,06001441302,70.0,67.0,-3.0
06001437701,06001441401,68.0,65.0,-3.0
06001437701,06001441402,80.0,80.0,0.0
06001437701,06001441501,103.0,120.0,17.0
06001437701,06001441503,103.0,115.0,12.0
06001437701,06001441521,90.0,120.0,30.0
06001437701,06001441522,70.0,75.0,5.0
06001437701,06001441523,85.0,120.0,35.0
06001437701,06001441524,95.0,120.0,25.0
06001437701,06001441525,120.0,120.0,0.0
06001437701,06001441601,69.0,66.0,-3.0
06001437701,06001441602,70.0,77.0,7.0
06001437701,06001441701,84.0,92.0,8.0
06001437701,06001441702,61.0,63.0,2.0
06001437701,06001441800,51.0,71.0,20.0
06001437701,06001441921,48.0,89.0,41.0
06001437701,06001441923,52.0,63.0,11.0
06001437701,06001441924,63.0,75.0,12.0
06001437701,06001441926,52.0,77.0,25.0
06001437701,06001441927,53.0,73.0,20.0
06001437701,06001441928,61.0,74.0,13.0
06001437701,06001441929,54.0,64.0,10.0
06001437701,06001442000,84.0,120.0,36.0
06001437701,06001442100,75.0,120.0,45.0
06001437701,06001442200,74.0,120.0,46.0
06001437701,06001442301,56.0,111.0,55.0
06001437701,06001442302,56.0,110.0,54.0
06001437701,06001442400,59.0,109.0,50.0
06001437701,06001442501,67.0,91.0,24.0
06001437701,06001442502,58.0,81.0,23.0
06001437701,06001442601,58.0,82.0,24.0
06001437701,06001442602,71.0,83.0,12.0
06001437701,06001442700,68.0,92.0,24.0
06001437701,06001442800,72.0,96.0,24.0
06001437701,06001442900,65.0,112.0,47.0
06001437701,06001443001,61.0,115.0,54.0
06001437701,06001443002,64.0,107.0,43.0
06001437701,06001443102,59.0,73.0,14.0
06001437701,06001443103,94.0,120.0,26.0
06001437701,06001443104,72.0,120.0,48.0
06001437701,06001443105,91.0,120.0,29.0
06001437701,06001443200,120.0,120.0,0.0
06001437701,06001443301,82.0,85.0,3.0
06001437701,06001443321,76.0,81.0,5.0
06001437701,06001443322,79.0,83.0,4.0
06001437701,06001444100,74.0,87.0,13.0
06001437701,06001444200,81.0,79.0,-2.0
06001437701,06001444301,103.0,101.0,-2.0
06001437701,06001444303,120.0,120.0,0.0
06001437701,06001444304,95.0,108.0,13.0
06001437701,06001444400,77.0,79.0,2.0
06001437701,06001444500,71.0,81.0,10.0
06001437701,06001444601,75.0,99.0,24.0
06001437701,06001444602,93.0,120.0,27.0
06001437701,06001450101,88.0,79.0,-9.0
06001437701,06001450102,120.0,120.0,0.0
06001437701,06001450200,120.0,120.0,0.0
06001437701,06001450300,120.0,120.0,0.0
06001437701,06001450400,85.0,77.0,-8.0
06001437701,06001450501,120.0,120.0,0.0
06001437701,06001450502,120.0,120.0,0.0
06001437701,06001450601,120.0,120.0,0.0
06001437701,06001450603,120.0,120.0,0.0
06001437701,06001450604,120.0,120.0,0.0
06001437701,06001450605,120.0,120.0,0.0
06001437701,06001450606,120.0,120.0,0.0
06001437701,06001450607,120.0,120.0,0.0
06001437701,06001450608,120.0,120.0,0.0
06001437701,06001450609,81.0,73.0,-8.0
06001437701,06001450701,120.0,120.0,0.0
06001437701,06001450741,120.0,120.0,0.0
06001437701,06001450742,120.0,120.0,0.0
06001437701,06001450743,83.0,77.0,-6.0
06001437701,06001450744,120.0,120.0,0.0
06001437701,06001450745,120.0,120.0,0.0
06001437701,06001450746,120.0,120.0,0.0
06001437701,06001450750,120.0,120.0,0.0
06001437701,06001450751,120.0,120.0,0.0
06001437701,06001450752,120.0,120.0,0.0
06001437701,06001451102,120.0,120.0,0.0
06001437701,06001451103,120.0,120.0,0.0
06001437701,06001451104,120.0,120.0,0.0
06001437701,06001451201,120.0,120.0,0.0
06001437701,06001451202,120.0,120.0,0.0
06001437701,06001451300,120.0,120.0,0.0
06001437701,06001451401,120.0,120.0,0.0
06001437701,06001451403,120.0,120.0,0.0
06001437701,06001451404,120.0,120.0,0.0
06001437701,06001451501,120.0,120.0,0.0
06001437701,06001451503,120.0,120.0,0.0
06001437701,06001451504,120.0,120.0,0.0
06001437701,06001451505,120.0,120.0,0.0
06001437701,06001451506,120.0,120.0,0.0
06001437701,06001451601,120.0,120.0,0.0
06001437701,06001451602,120.0,120.0,0.0
06001437701,06001451701,120.0,120.0,0.0
06001437701,06001451703,120.0,120.0,0.0
06001437701,06001451704,120.0,120.0,0.0
06001437701,06001981900,120.0,120.0,0.0
06001437701,06001982000,84.0,88.0,4.0
06001437701,06001982100,89.0,83.0,-6.0
06001437701,06001983200,71.0,58.0,-13.0
06001437701,06001990000,120.0,120.0,0.0
